oewn_id	primary_lemma	all_lemmas	pos	current_class	current_tier	current_provenance	rules_triggered	top_proposal	rule_proposals	rationale	gloss	examples	hypernyms	troponym_count	confidence_score	decision
oewn-00122978-v	change	change|alter|vary	v	dul:State	propagated_from_hypernym	from oewn-02372362-v[tier1_derivation]	R1,R3	dul:Achievement	R1:dul:Achievement;R3:dul:Action	R1=gloss_starts_'become';R3=5/8_tier1_kids_agree_on_dul:Action	become different in some particular way, without permanently losing one's or its former characteristics or essence	her mood changes in accordance with the weather | The supermarket's selection of vegetables varies according to the season	oewn-02372362-v	21	4	
oewn-02439823-v	join	join|fall in|get together	v	dul:State	propagated_from_hypernym	from oewn-02372362-v[tier1_derivation]	R1,R3	dul:Achievement	R1:dul:Achievement;R3:dul:Action	R1=gloss_starts_'become';R3=4/4_tier1_kids_agree_on_dul:Action	become part of; become a member of a group or organization	He joined the Communist Party as a young man	oewn-02372362-v	9	4	
oewn-00356912-v	change surface	change surface	v	dul:State	propagated_from_hypernym	from oewn-00109468-v[propagated_from_hypernym]	R2,R3,R6	dul:Action	R2:dul:Process;R6:dul:Action;R3:dul:Action	R2=dul:Process_signals:2;R6=transitive_+action_marker;R3=5/5_tier1_kids_agree_on_dul:Action	undergo or cause to undergo a change in the surface		oewn-00109468-v	14	4	
oewn-00224594-v	die down	die down	v	dul:Action	propagated_from_hypernym	from oewn-00223926-v[propagated_from_hypernym]	R1,R2	dul:Achievement	R1:dul:Achievement;R2:dul:Process	R1=gloss_starts_'become';R2=dul:Process_signals:1	become progressively weaker	the laughter died down	oewn-00223926-v	0	3	
oewn-00376777-v	dissolve	dissolve|thaw|unfreeze|unthaw|dethaw|melt	v	dul:State	propagated_from_hypernym	from oewn-00444939-v[propagated_from_hypernym]	R1,R2	dul:Achievement	R1:dul:Achievement;R2:dul:Action	R1=gloss_starts_'become';R2=dul:Action_signals:1	become or cause to become soft or liquid	The sun melted the ice | the ice thawed | the ice cream melted | The heat melted the wax | The giant iceberg dissolved over the years during the global warming phase | dethaw the meat	oewn-00444939-v	2	3	
oewn-00276052-v	erode	erode|gnaw|gnaw at|eat at|wear away	v	dul:State	propagated_from_hypernym	from oewn-00209244-v[propagated_from_hypernym]	R1,R2	dul:Achievement	R1:dul:Achievement;R2:dul:Process	R1=gloss_starts_'become';R2=dul:Process_signals:1	become ground down or deteriorate	Her confidence eroded	oewn-00209244-v	0	3	
oewn-00225077-v	fade	fade|melt	v	dul:Action	propagated_from_hypernym	from oewn-00223926-v[propagated_from_hypernym]	R1,R2	dul:Achievement	R1:dul:Achievement;R2:dul:Process	R1=gloss_starts_'become';R2=dul:Process_signals:1	become less clearly visible or distinguishable; disappear gradually or seemingly	The scene begins to fade | The tree trunks are melting into the forest at dusk	oewn-00223926-v	0	3	
oewn-00305033-v	flare out	flare out|flare	v	dul:Action	propagated_from_hypernym	from oewn-00304246-v[tier2_indirect]	R1,R2	dul:Achievement	R1:dul:Achievement;R2:dul:Event	R1=gloss_starts_'become';R2=dul:Event_signals:1	become flared and widen, usually at one end	The bellbottom pants flare out	oewn-00304246-v	0	3	
oewn-00224354-v	melt	melt|disappear|evaporate	v	dul:Action	propagated_from_hypernym	from oewn-00223926-v[propagated_from_hypernym]	R1,R2	dul:Achievement	R1:dul:Achievement;R2:dul:Process	R1=gloss_starts_'become';R2=dul:Process_signals:1	become less intense and fade away gradually	her resistance melted under his charm | her hopes evaporated after years of waiting for her fiance	oewn-00223926-v	0	3	
oewn-02595027-v	pal	pal|pal up|chum up	v	dul:State	propagated_from_hypernym	from oewn-02594833-v[propagated_from_hypernym]	R1,R2	dul:Achievement	R1:dul:Achievement;R2:dul:Action	R1=gloss_starts_'become';R2=dul:Action_signals:1	become friends; act friendly towards		oewn-02594833-v	0	3	
oewn-00400459-v	putrefy	putrefy	v	dul:State	propagated_from_hypernym	from oewn-00553892-v[propagated_from_hypernym]	R1,R2	dul:Achievement	R1:dul:Achievement;R2:dul:Process	R1=gloss_starts_'become';R2=dul:Process_signals:1	become putrid; decay with an offensive smell	organic matter putrefies	oewn-00553892-v	0	3	
oewn-00588295-v	shear	shear	v	dul:State	propagated_from_hypernym	from oewn-00109468-v[propagated_from_hypernym]	R1,R2	dul:Achievement	R1:dul:Achievement;R2:dul:Action	R1=gloss_starts_'become';R2=dul:Action_signals:1	become deformed by forces tending to produce a shearing strain		oewn-00109468-v	0	3	
oewn-01523477-v	unravel	unravel|unknot|unscramble|untangle|unpick	v	dul:State	propagated_from_hypernym	from oewn-01522610-v[propagated_from_hypernym]	R1,R2	dul:Achievement	R1:dul:Achievement;R2:dul:Action	R1=gloss_starts_'become';R2=dul:Action_signals:1	become or cause to become undone by separating the fibers or threads of	unravel the thread	oewn-01522610-v	0	3	
oewn-01913672-v	upend	upend	v	dul:Action	propagated_from_hypernym	from oewn-01913390-v[tier1_derivation]	R1,R2	dul:Achievement	R1:dul:Achievement;R2:dul:Event	R1=gloss_starts_'become';R2=dul:Event_signals:1	become turned or set on end	the airplanes upended	oewn-01913390-v	0	3	
oewn-00338881-v	break up	break up|fragment|fragmentize|fragmentise	v	dul:Event	propagated_from_hypernym	from oewn-00334996-v[tier1_derivation]	R2,R3	dul:Action	R2:dul:Action;R3:dul:Action	R2=dul:Action_signals:1;R3=4/4_tier1_kids_agree_on_dul:Action	break or cause to break into pieces	The plate fragmented	oewn-00334996-v	10	3	
oewn-00638921-v	calculate	calculate|cipher|cypher|compute|work out|reckon|figure	v	dul:Process	propagated_from_hypernym	from oewn-00634289-v[propagated_from_hypernym]	R2,R3	dul:Action	R2:dul:Action;R3:dul:Action	R2=dul:Action_signals:1;R3=5/5_tier1_kids_agree_on_dul:Action	make a mathematical calculation or computation		oewn-00634289-v	21	3	
oewn-01987785-v	change posture	change posture	v	dul:State	propagated_from_hypernym	from oewn-00109468-v[propagated_from_hypernym]	R2,R3	dul:Process	R2:dul:Process;R3:dul:Action	R2=dul:Process_signals:1;R3=4/4_tier1_kids_agree_on_dul:Action	undergo a change in bodily posture		oewn-00109468-v	13	3	
oewn-00145958-v	change state	change state|turn	v	dul:State	propagated_from_hypernym	from oewn-00109468-v[propagated_from_hypernym]	R2,R3	dul:Process	R2:dul:Process;R3:dul:Action	R2=dul:Process_signals:1;R3=15/26_tier1_kids_agree_on_dul:Action	undergo a transformation or a change of position or action	We turned from Socialism to Capitalism | The people turned against the President when he stole the election	oewn-00109468-v	73	3	
oewn-01335412-v	cover	cover	v	dul:State	propagated_from_hypernym	from oewn-02372362-v[tier1_derivation]	R2,R3	dul:Action	R2:dul:Action;R3:dul:Action	R2=dul:Action_signals:1;R3=4/4_tier1_kids_agree_on_dul:Action	provide with a covering or cause to be covered	cover her face with a handkerchief | cover the child with a blanket | cover the grave with flowers	oewn-02372362-v	83	3	
oewn-02534950-v	fail	fail|neglect	v	dul:State	propagated_from_hypernym	from oewn-02372362-v[tier1_derivation]	R2,R3	dul:Action	R2:dul:Action;R3:dul:Action	R2=dul:Action_signals:1;R3=3/3_tier1_kids_agree_on_dul:Action	fail to do something; leave something undone	She failed to notice that her child was no longer in his crib | The secretary failed to call the customer and the company lost the account	oewn-02372362-v	8	3	
oewn-02382049-v	interact	interact	v	dul:State	propagated_from_hypernym	from oewn-02372362-v[tier1_derivation]	R2,R3	dul:Action	R2:dul:Action;R3:dul:Action	R2=dul:Action_signals:1;R3=8/9_tier1_kids_agree_on_dul:Action	act together or towards others or with others	He should interact more with his colleagues	oewn-02372362-v	22	3	
oewn-01214263-v	manipulate	manipulate	v	dul:Event	propagated_from_hypernym	from oewn-01213301-v[propagated_from_hypernym]	R2,R3	dul:State	R2:dul:State;R3:dul:Action	R2=dul:State_signals:1;R3=3/3_tier1_kids_agree_on_dul:Action	hold something in one's hands and move it		oewn-01213301-v	10	3	
oewn-01835473-v	move	move	v	dul:State	propagated_from_hypernym	from oewn-02372362-v[tier1_derivation]	R2,R3	dul:Action	R2:dul:Action;R3:dul:Action	R2=dul:Action_signals:1;R3=24/25_tier1_kids_agree_on_dul:Action	move so as to change position, perform a nontranslational motion	He moved his hand slightly to the right	oewn-02372362-v	99	3	
oewn-01548665-v	rest	rest	v	dul:Event	tier3_default_event	gloss	R2,R3	dul:State	R2:dul:State;R3:dul:Action	R2=dul:State_signals:1;R3=3/3_tier1_kids_agree_on_dul:Action	not move; be in a resting position		oewn-02661230-v	4	3	
oewn-02180712-v	sound	sound|go	v	dul:Event	tier3_default_event	gloss	R2,R3	dul:Action	R2:dul:Action;R3:dul:State	R2=dul:Action_signals:1;R3=2/3_tier1_kids_agree_on_dul:State	make a certain noise or sound	She went ‘Mmmmm’ | The gun went ‘bang’	oewn-02128368-v	58	3	
oewn-02645159-v	loiter	loiter|lounge|footle|lollygag|loaf|lallygag|hang around|mess about|tarry|linger|lurk|mill about|mill around	v	dul:Action	propagated_from_hypernym	from oewn-02644022-v[tier1_derivation]	R1,R7	dul:State	R1:dul:State;R7:dul:State	R1=gloss_starts_'be';R7=example_aspect:dul:State=2	be about a place without any apparent purpose	The high school students like to loiter in the Central Square | Who is this man that is hanging around the department?	oewn-02644022-v	1	2.5	
oewn-02661230-v	be	be	v	dul:Event	tier3_default_event	gloss	R3,R7	dul:State	R3:dul:State;R7:dul:State	R3=12/19_tier1_kids_agree_on_dul:State;R7=example_aspect:dul:State=3	occupy a certain position or area; be somewhere	Where is my umbrella? | The toolshed is in the back | What is behind this behavior?	oewn-02609706-v	36	2.5	
oewn-00410568-v	Americanize	Americanize|Americanise	v	dul:State	propagated_from_hypernym	from oewn-00109468-v[propagated_from_hypernym]	R1	dul:Achievement	R1:dul:Achievement	R1=gloss_starts_'become'	become American in character	After a year in Iowa, he has totally Americanized	oewn-00109468-v	0	2	
oewn-00411574-v	Frenchify	Frenchify	v	dul:State	propagated_from_hypernym	from oewn-00145958-v[propagated_from_hypernym]	R1	dul:Achievement	R1:dul:Achievement	R1=gloss_starts_'become'	become French in appearance or character	This restaurant has Frenchified	oewn-00145958-v	0	2	
oewn-00245945-v	abate	abate|let up|slack off|slack|die away	v	dul:Action	propagated_from_hypernym	from oewn-00151509-v[tier1_derivation]	R1	dul:Achievement	R1:dul:Achievement	R1=gloss_starts_'become'	become less in amount or intensity	The storm abated | The rain let up after a few hours	oewn-00151509-v	0	2	
oewn-01542421-v	absorb	absorb	v	dul:State	propagated_from_hypernym	from oewn-01543237-v[propagated_from_hypernym]	R1	dul:Achievement	R1:dul:Achievement	R1=gloss_starts_'become'	become imbued	The liquids, light, and gases absorb	oewn-01543237-v	2	2	
oewn-02747421-v	accept	accept|take	v	dul:Action	propagated_from_hypernym	from oewn-02708690-v[propagated_from_hypernym]	R1	dul:State	R1:dul:State	R1=gloss_starts_'be'	be designed to hold or take	This surface will not take the dye	oewn-02708690-v	0	2	
oewn-02641114-v	account for	account for	v	dul:Action	propagated_from_hypernym	from oewn-00894956-v[tier1_derivation]	R1	dul:State	R1:dul:State	R1=gloss_starts_'be'	be the reason or explanation for	The recession accounts for the slow retail business	oewn-00894956-v	0	2	
oewn-00211073-v	addle	addle	v	dul:Process	propagated_from_hypernym	from oewn-00210685-v[tier1_derivation]	R1	dul:Achievement	R1:dul:Achievement	R1=gloss_starts_'become'	become rotten	addled eggs	oewn-00210685-v	0	2	
oewn-02644929-v	adhere	adhere|stick	v	dul:Action	propagated_from_hypernym	from oewn-02351891-v[tier1_derivation]	R1	dul:State	R1:dul:State	R1=gloss_starts_'be'	be a devoted follower or supporter	The residents of this village adhered to Catholicism | She sticks to her principles	oewn-02351891-v	0	2	
oewn-00253596-v	adolesce	adolesce	v	dul:Action	propagated_from_hypernym	from oewn-00252905-v[propagated_from_hypernym]	R1	dul:Achievement	R1:dul:Achievement	R1=gloss_starts_'become'	become adolescent; pass through adolescence	The children are beginning to adolesce around the age of 12	oewn-00252905-v	0	2	
oewn-01380605-v	aerosolize	aerosolize|aerosolise	v	dul:Action	propagated_from_hypernym	from oewn-02032840-v[tier1_derivation]	R1	dul:Achievement	R1:dul:Achievement	R1=gloss_starts_'become'	become dispersed as an aerosol	the bacteria quickly aerosolised	oewn-02032840-v	0	2	
oewn-01195161-v	afford	afford	v	dul:Action	propagated_from_hypernym	from oewn-02271905-v[tier1_derivation]	R1	dul:State	R1:dul:State	R1=gloss_starts_'be'	be able to spare or give up	I can't afford to spend two hours with this person	oewn-02271905-v	0	2	
oewn-00078418-v	ail	ail	v	dul:Action	propagated_from_hypernym	from oewn-00064841-v[propagated_from_hypernym]	R1	dul:State	R1:dul:State	R1=gloss_starts_'be'	be ill or unwell		oewn-00064841-v	0	2	
oewn-00975760-v	air	air	v	dul:Process	propagated_from_hypernym	from oewn-00426920-v[propagated_from_hypernym]	R1	dul:State	R1:dul:State	R1=gloss_starts_'be'	be broadcast	This show will air Saturdays at 2 P.M.	oewn-00426920-v	1	2	
oewn-00134706-v	alkalinize	alkalinize|alkalinise	v	dul:State	propagated_from_hypernym	from oewn-00109468-v[propagated_from_hypernym]	R1	dul:Achievement	R1:dul:Achievement	R1=gloss_starts_'become'	become alkaline		oewn-00109468-v	0	2	
oewn-01186429-v	answer	answer	v	dul:Action	propagated_from_hypernym	from oewn-01185870-v[propagated_from_hypernym]	R1	dul:State	R1:dul:State	R1=gloss_starts_'be'	be satisfactory for; meet the requirements of or serve the purpose of	This may answer her needs	oewn-01185870-v	0	2	
oewn-02751892-v	answer	answer	v	dul:Action	propagated_from_hypernym	from oewn-00817348-v[propagated_from_hypernym]	R1	dul:State	R1:dul:State	R1=gloss_starts_'be'	be liable or accountable	She must answer for her actions	oewn-00817348-v	0	2	
oewn-01808928-v	anticipate	anticipate|look for|look to	v	dul:Process	propagated_from_hypernym	from oewn-00721987-v[propagated_from_hypernym]	R1	dul:State	R1:dul:State	R1=gloss_starts_'be'	be excited or anxious about		oewn-00721987-v	1	2	
oewn-00426920-v	appear	appear|come out	v	dul:Process	propagated_from_hypernym	from oewn-00344828-v[tier1_derivation]	R1	dul:State	R1:dul:State	R1=gloss_starts_'be'	be issued or published	Did your latest book appear yet? | The new Woody Allen film hasn't come out yet	oewn-00344828-v	2	2	
oewn-00593736-v	appreciate	appreciate|take account	v	dul:Process	propagated_from_hypernym	from oewn-00592510-v[propagated_from_hypernym]	R1	dul:State	R1:dul:State	R1=gloss_starts_'be'	be fully aware of; realize fully	Do you appreciate the full meaning of this letter?	oewn-00592510-v	0	2	
oewn-02386713-v	ascend	ascend	v	dul:Action	propagated_from_hypernym	from oewn-02386539-v[tier1_derivation]	R1	dul:Achievement	R1:dul:Achievement	R1=gloss_starts_'become'	become king or queen	She ascended to the throne after the King's death	oewn-02386539-v	0	2	
oewn-00160255-v	assimilate	assimilate	v	dul:State	propagated_from_hypernym	from oewn-00109468-v[propagated_from_hypernym]	R1	dul:Achievement	R1:dul:Achievement	R1=gloss_starts_'become'	become similar in sound	The nasal assimilates to the following consonant	oewn-00109468-v	0	2	
oewn-00305443-v	astringe	astringe	v	dul:State	propagated_from_hypernym	from oewn-00305203-v[propagated_from_hypernym]	R1	dul:Achievement	R1:dul:Achievement	R1=gloss_starts_'become'	become constricted or compressed	The cold substance astringes	oewn-00305203-v	0	2	
oewn-01292858-v	attach	attach	v	dul:Action	propagated_from_hypernym	from oewn-01208316-v[tier1_derivation]	R1	dul:State	R1:dul:State	R1=gloss_starts_'be'	be attached; be in contact with		oewn-01208316-v	1	2	
oewn-01293025-v	attach	attach	v	dul:Action	propagated_from_hypernym	from oewn-01293672-v[tier1_derivation]	R1	dul:Achievement	R1:dul:Achievement	R1=gloss_starts_'become'	become attached	The spider's thread attached to the window sill	oewn-01293672-v	5	2	
oewn-00221127-v	attenuate	attenuate	v	dul:Action	propagated_from_hypernym	from oewn-00223926-v[propagated_from_hypernym]	R1	dul:Achievement	R1:dul:Achievement	R1=gloss_starts_'become'	become weaker, in strength, value, or magnitude		oewn-00223926-v	1	2	
oewn-01811849-v	attract	attract|appeal	v	dul:Action	propagated_from_hypernym	from oewn-01771801-v[propagated_from_hypernym]	R1	dul:State	R1:dul:State	R1=gloss_starts_'be'	be attractive to	The idea of a vacation appeals to me | The beautiful garden attracted many people	oewn-01771801-v	2	2	
oewn-01708311-v	author	author	v	dul:Action	propagated_from_hypernym	from oewn-01702148-v[tier1_derivation]	R1	dul:State	R1:dul:State	R1=gloss_starts_'be'	be the author of	She authored this play	oewn-01702148-v	2	2	
oewn-02554745-v	avail	avail	v	dul:Action	propagated_from_hypernym	from oewn-02553283-v[tier1_derivation]	R1	dul:State	R1:dul:State	R1=gloss_starts_'be'	be of use to, be useful to	It will avail them to dispose of their booty	oewn-02553283-v	0	2	
oewn-00134372-v	barbarize	barbarize|barbarise	v	dul:State	propagated_from_hypernym	from oewn-00109468-v[propagated_from_hypernym]	R1	dul:Achievement	R1:dul:Achievement	R1=gloss_starts_'become'	become crude or savage or barbaric in behavior or language		oewn-00109468-v	0	2	
oewn-01550963-v	bask	bask	v	dul:Action	propagated_from_hypernym	from oewn-01549783-v[tier2_indirect]	R1	dul:State	R1:dul:State	R1=gloss_starts_'be'	be exposed	The seals were basking in the sun	oewn-01549783-v	0	2	
oewn-00837185-v	beat around the bush	beat around the bush|equivocate|tergiversate|prevaricate|palter	v	dul:Action	propagated_from_hypernym	from oewn-00835688-v[propagated_from_hypernym]	R1	dul:State	R1:dul:State	R1=gloss_starts_'be'	be deliberately ambiguous or unclear in order to mislead or withhold information		oewn-00835688-v	0	2	
oewn-02099668-v	bed-hop	bed-hop|bedhop|sleep around	v	dul:Action	propagated_from_hypernym	from oewn-01429911-v[propagated_from_hypernym]	R1	dul:State	R1:dul:State	R1=gloss_starts_'be'	be sexually active with more than one partner	His wife bed hops	oewn-01429911-v	0	2	
oewn-02594833-v	befriend	befriend	v	dul:State	propagated_from_hypernym	from oewn-02543752-v[propagated_from_hypernym]	R1	dul:Achievement	R1:dul:Achievement	R1=gloss_starts_'become'	become friends with	John and Eric soon became friends | Have you made friends yet in your new environment?	oewn-02543752-v	1	2	
oewn-02713541-v	beggar	beggar	v	dul:Action	propagated_from_hypernym	from oewn-02713660-v[tier2_indirect]	R1	dul:State	R1:dul:State	R1=gloss_starts_'be'	be beyond the resources of	This beggars description!	oewn-02713660-v	0	2	
oewn-02674167-v	behoove	behoove|behove	v	dul:Action	propagated_from_hypernym	from oewn-02634015-v[tier2_indirect]	R1	dul:State	R1:dul:State	R1=gloss_starts_'be'	be appropriate or necessary	It behooves us to reflect on this matter	oewn-02634015-v	0	2	
oewn-00723022-v	believe	believe|trust	v	dul:Action	propagated_from_hypernym	from oewn-00721658-v[propagated_from_hypernym]	R1	dul:State	R1:dul:State	R1=gloss_starts_'be'	be confident about something	I believe that he will come back from the war	oewn-00721658-v	0	2	
oewn-02295917-v	benefit	benefit|do good	v	dul:Action	propagated_from_hypernym	from oewn-00081834-v[tier1_derivation]	R1	dul:State	R1:dul:State	R1=gloss_starts_'be'	be beneficial for	This will do you good	oewn-00081834-v	0	2	
oewn-00923271-v	bespeak	bespeak|betoken|indicate|point|signal	v	dul:Action	propagated_from_hypernym	from oewn-00954556-v[propagated_from_hypernym]	R1	dul:State	R1:dul:State	R1=gloss_starts_'be'	be a signal for or a symptom of	These symptoms indicate a serious illness | Her behavior points to a severe neurosis | The economic indicators signal that the euro is undervalued	oewn-00954556-v	4	2	
oewn-02088053-v	bestir	bestir|rouse	v	dul:Action	propagated_from_hypernym	from oewn-00014542-v[tier1_derivation]	R1	dul:Achievement	R1:dul:Achievement	R1=gloss_starts_'become'	become active	He finally bestirred himself	oewn-00014542-v	0	2	
oewn-00726626-v	beware	beware|mind	v	dul:Action	propagated_from_hypernym	from oewn-02156396-v[tier1_derivation]	R1	dul:State	R1:dul:State	R1=gloss_starts_'be'	be on one's guard; be cautious or wary about; be alert to	Beware of telephone salesmen	oewn-02156396-v	0	2	
oewn-00362450-v	bloat	bloat	v	dul:Process	propagated_from_hypernym	from oewn-00257393-v[tier1_derivation]	R1	dul:Achievement	R1:dul:Achievement	R1=gloss_starts_'become'	become bloated or swollen or puff up	The dead man's stomach was bloated	oewn-00257393-v	0	2	
oewn-00289921-v	blush	blush	v	dul:Action	propagated_from_hypernym	from oewn-00289793-v[propagated_from_hypernym]	R1	dul:Achievement	R1:dul:Achievement	R1=gloss_starts_'become'	become rosy or reddish	her cheeks blushed in the cold winter air	oewn-00289793-v	0	2	
oewn-00238145-v	boil down	boil down|reduce|decoct|concentrate	v	dul:Action	propagated_from_hypernym	from oewn-00151509-v[tier1_derivation]	R1	dul:State	R1:dul:State	R1=gloss_starts_'be'	be cooked until very little liquid is left	The sauce should reduce to one cup	oewn-00151509-v	0	2	
oewn-00305727-v	bottleneck	bottleneck	v	dul:Action	propagated_from_hypernym	from oewn-00305890-v[tier1_derivation]	R1	dul:Achievement	R1:dul:Achievement	R1=gloss_starts_'become'	become narrow, like a bottleneck	Right by the bridge, the road bottlenecks	oewn-00305890-v	0	2	
oewn-00938019-v	break	break|get out|get around	v	dul:Action	propagated_from_hypernym	from oewn-00427534-v[tier1_derivation]	R1	dul:State	R1:dul:State	R1=gloss_starts_'be'	be released or become known; of news	News of her death broke in the morning	oewn-00427534-v	1	2	
oewn-01231088-v	break	break	v	dul:State	propagated_from_hypernym	from oewn-00122978-v[propagated_from_hypernym]	R1	dul:Achievement	R1:dul:Achievement	R1=gloss_starts_'become'	become punctured or penetrated	The skin broke	oewn-00122978-v	0	2	
oewn-01436773-v	bring	bring	v	dul:Action	propagated_from_hypernym	from oewn-02081903-v[tier1_derivation]	R1	dul:State	R1:dul:State	R1=gloss_starts_'be'	be accompanied by	Can I bring my cousin to the dinner?	oewn-02081903-v	0	2	
oewn-00206174-v	brisk	brisk|brisk up|brisken	v	dul:Action	propagated_from_hypernym	from oewn-00439133-v[tier1_derivation]	R1	dul:Achievement	R1:dul:Achievement	R1=gloss_starts_'become'	become brisk	business brisked up	oewn-00439133-v	0	2	
oewn-00318269-v	broaden	broaden	v	dul:Action	propagated_from_hypernym	from oewn-00156409-v[tier1_derivation]	R1	dul:Achievement	R1:dul:Achievement	R1=gloss_starts_'become'	become broader	The road broadened	oewn-00156409-v	0	2	
oewn-00113661-v	brutalize	brutalize|brutalise|animalize|animalise	v	dul:State	propagated_from_hypernym	from oewn-00109468-v[propagated_from_hypernym]	R1	dul:Achievement	R1:dul:Achievement	R1=gloss_starts_'become'	become brutal or insensitive and unfeeling		oewn-00109468-v	0	2	
oewn-02652841-v	buy	buy	v	dul:Action	propagated_from_hypernym	from oewn-02215637-v[tier1_derivation]	R1	dul:State	R1:dul:State	R1=gloss_starts_'be'	be worth or be capable of buying	This sum will buy you a ride on the train	oewn-02215637-v	0	2	
oewn-00360460-v	buy it	buy it|pip out	v	dul:Event	propagated_from_hypernym	from oewn-00359085-v[tier1_derivation]	R1	dul:State	R1:dul:State	R1=gloss_starts_'be'	be killed or die		oewn-00359085-v	0	2	
oewn-00500069-v	calcify	calcify	v	dul:Process	propagated_from_hypernym	from oewn-00444071-v[tier1_derivation]	R1	dul:Achievement	R1:dul:Achievement	R1=gloss_starts_'become'	become impregnated with calcium salts		oewn-00444071-v	0	2	
oewn-00573439-v	calcify	calcify	v	dul:State	propagated_from_hypernym	from oewn-00109468-v[propagated_from_hypernym]	R1	dul:Achievement	R1:dul:Achievement	R1=gloss_starts_'become'	become inflexible and unchanging	Old folks can calcify	oewn-00109468-v	0	2	
oewn-01767681-v	calm	calm|calm down|cool off|chill out|simmer down|settle down|cool it	v	dul:State	propagated_from_hypernym	from oewn-00145958-v[propagated_from_hypernym]	R1	dul:Achievement	R1:dul:Achievement	R1=gloss_starts_'become'	become quiet or calm, especially after a state of agitation	After the fight both men need to cool off. | It took a while after the baby was born for things to settle down again.	oewn-00145958-v	0	2	
oewn-00089827-v	canker	canker	v	dul:Action	propagated_from_hypernym	from oewn-00087206-v[propagated_from_hypernym]	R1	dul:Achievement	R1:dul:Achievement	R1=gloss_starts_'become'	become infected with a canker		oewn-00087206-v	0	2	
oewn-02445351-v	captain	captain	v	dul:Action	propagated_from_hypernym	from oewn-02445109-v[propagated_from_hypernym]	R1	dul:State	R1:dul:State	R1=gloss_starts_'be'	be the captain of a sports team		oewn-02445109-v	0	2	
oewn-01780135-v	care for	care for|cherish|hold dear|treasure	v	dul:Action	propagated_from_hypernym	from oewn-01779085-v[propagated_from_hypernym]	R1	dul:State	R1:dul:State	R1=gloss_starts_'be'	be fond of; be attached to		oewn-01779085-v	1	2	
oewn-00500503-v	carnify	carnify	v	dul:State	propagated_from_hypernym	from oewn-00145958-v[propagated_from_hypernym]	R1	dul:Achievement	R1:dul:Achievement	R1=gloss_starts_'become'	become muscular or fleshy		oewn-00145958-v	0	2	
oewn-01205694-v	carry	carry	v	dul:Action	propagated_from_hypernym	from oewn-01205348-v[tier1_derivation]	R1	dul:State	R1:dul:State	R1=gloss_starts_'be'	be able to feed	This land will carry ten cows to the acre	oewn-01205348-v	0	2	
oewn-00527309-v	caseate	caseate	v	dul:State	propagated_from_hypernym	from oewn-00109468-v[propagated_from_hypernym]	R1	dul:Achievement	R1:dul:Achievement	R1=gloss_starts_'become'	become cheeselike	necrotic tissue caseates	oewn-00109468-v	0	2	
oewn-00727971-v	catch	catch	v	dul:State	propagated_from_hypernym	from oewn-02133338-v[propagated_from_hypernym]	R1	dul:Achievement	R1:dul:Achievement	R1=gloss_starts_'become'	become aware of	he caught her staring out the window	oewn-02133338-v	0	2	
oewn-01084847-v	catch	catch	v	dul:Action	propagated_from_hypernym	from oewn-01075360-v[propagated_from_hypernym]	R1	dul:State	R1:dul:State	R1=gloss_starts_'be'	be the catcher	Who is catching?	oewn-01075360-v	0	2	
oewn-00544367-v	catch on	catch on	v	dul:State	propagated_from_hypernym	from oewn-00109468-v[propagated_from_hypernym]	R1	dul:Achievement	R1:dul:Achievement	R1=gloss_starts_'become'	become popular	This fashion caught on in Paris	oewn-00109468-v	0	2	
oewn-02124124-v	chafe	chafe|gall|fret	v	dul:Action	propagated_from_hypernym	from oewn-00063062-v[propagated_from_hypernym]	R1	dul:Achievement	R1:dul:Achievement	R1=gloss_starts_'become'	become or make sore by or as if by rubbing		oewn-00063062-v	0	2	
oewn-02226741-v	change hands	change hands|change owners	v	dul:Action	propagated_from_hypernym	from oewn-01854282-v[tier1_derivation]	R1	dul:State	R1:dul:State	R1=gloss_starts_'be'	be transferred to another owner	This restaurant changed hands twice last year	oewn-01854282-v	3	2	
oewn-02703792-v	characterize	characterize|characterise	v	dul:Action	propagated_from_hypernym	from oewn-00653662-v[propagated_from_hypernym]	R1	dul:State	R1:dul:State	R1=gloss_starts_'be'	be characteristic of	What characterizes a Venetian painting?	oewn-00653662-v	2	2	
oewn-02582588-v	cheat on	cheat on|cheat|cuckold|betray|wander	v	dul:Action	propagated_from_hypernym	from oewn-02581157-v[tier1_derivation]	R1	dul:State	R1:dul:State	R1=gloss_starts_'be'	be sexually unfaithful to one's partner in marriage	She cheats on her husband | Might her husband be wandering?	oewn-02581157-v	2	2	
oewn-00860817-v	cheer	cheer|cheer up|chirk up	v	dul:Action	propagated_from_hypernym	from oewn-01817851-v[propagated_from_hypernym]	R1	dul:Achievement	R1:dul:Achievement	R1=gloss_starts_'become'	become cheerful		oewn-01817851-v	2	2	
oewn-01573390-v	choke	choke|gag|fret	v	dul:Action	propagated_from_hypernym	from oewn-01390440-v[tier1_derivation]	R1	dul:State	R1:dul:State	R1=gloss_starts_'be'	be too tight; rub or press	This neckband is choking the cat	oewn-01390440-v	0	2	
oewn-02673757-v	clash	clash|jar|collide	v	dul:Action	propagated_from_hypernym	from oewn-02673287-v[propagated_from_hypernym]	R1	dul:State	R1:dul:State	R1=gloss_starts_'be'	be incompatible; be or come into conflict	These colors clash	oewn-02673287-v	0	2	
oewn-00593150-v	click	click|get through|dawn|come home|get across|sink in|penetrate|fall into place	v	dul:Process	propagated_from_hypernym	from oewn-00592510-v[propagated_from_hypernym]	R1	dul:Achievement	R1:dul:Achievement	R1=gloss_starts_'become'	become clear or enter one's consciousness or emotions	It dawned on him that she had betrayed him | she was penetrated with sorrow	oewn-00592510-v	0	2	
oewn-01481233-v	clog	clog|choke off|clog up|back up|congest|choke|foul|crap up	v	dul:Action	propagated_from_hypernym	from oewn-01479113-v[tier1_derivation]	R1	dul:Achievement	R1:dul:Achievement	R1=gloss_starts_'become'	become or cause to become obstructed	The leaves clog our drains in the Fall | The water pipe is backed up	oewn-01479113-v	3	2	
oewn-02760151-v	close	close	v	dul:Action	propagated_from_hypernym	from oewn-02734659-v[propagated_from_hypernym]	R1	dul:State	R1:dul:State	R1=gloss_starts_'be'	be priced or listed when trading stops	The stock market closed high this Friday | My new stocks closed at $59 last night	oewn-02734659-v	0	2	
oewn-00362041-v	cloud over	cloud over	v	dul:State	propagated_from_hypernym	from oewn-00145958-v[propagated_from_hypernym]	R1	dul:Achievement	R1:dul:Achievement	R1=gloss_starts_'become'	become overcast	the sky clouded over	oewn-00145958-v	0	2	
oewn-01708490-v	co-author	co-author	v	dul:Action	propagated_from_hypernym	from oewn-01708311-v[propagated_from_hypernym]	R1	dul:State	R1:dul:State	R1=gloss_starts_'be'	be a co-author on (a book, a paper)		oewn-01708311-v	0	2	
oewn-01725292-v	co-star	co-star	v	dul:Action	propagated_from_hypernym	from oewn-01724857-v[propagated_from_hypernym]	R1	dul:State	R1:dul:State	R1=gloss_starts_'be'	be the co-star in a performance		oewn-01724857-v	0	2	
oewn-00499917-v	coke	coke	v	dul:State	propagated_from_hypernym	from oewn-00145958-v[propagated_from_hypernym]	R1	dul:Achievement	R1:dul:Achievement	R1=gloss_starts_'become'	become coke	petroleum oils coke after distillation	oewn-00145958-v	0	2	
oewn-02010723-v	come	come|come in	v	dul:Action	propagated_from_hypernym	from oewn-02009962-v[tier1_derivation]	R1	dul:State	R1:dul:State	R1=gloss_starts_'be'	be received	News came in of the massacre in Rwanda	oewn-02009962-v	0	2	
oewn-00549233-v	come back	come back|return	v	dul:Event	propagated_from_hypernym	from oewn-00427254-v[tier1_derivation]	R1	dul:State	R1:dul:State	R1=gloss_starts_'be'	be restored	Her old vigor returned	oewn-00427254-v	0	2	
oewn-02731335-v	come in handy	come in handy	v	dul:Action	propagated_from_hypernym	from oewn-02741772-v[tier1_derivation]	R1	dul:State	R1:dul:State	R1=gloss_starts_'be'	be useful for a certain purpose		oewn-02741772-v	0	2	
oewn-00361861-v	come to life	come to life|come into being	v	dul:Process	propagated_from_hypernym	from oewn-00361585-v[tier1_derivation]	R1	dul:State	R1:dul:State	R1=gloss_starts_'be'	be born or come into existence	All these flowers come to life when the rains come	oewn-00361585-v	0	2	
oewn-00424383-v	come to light	come to light|come to hand	v	dul:Event	propagated_from_hypernym	from oewn-00423043-v[tier1_derivation]	R1	dul:State	R1:dul:State	R1=gloss_starts_'be'	be revealed or disclosed	The truth finally came to light	oewn-00423043-v	0	2	
oewn-00610906-v	come to mind	come to mind|spring to mind	v	dul:Event	propagated_from_hypernym	from oewn-00423043-v[tier1_derivation]	R1	dul:State	R1:dul:State	R1=gloss_starts_'be'	be remembered	His name comes to mind when you mention the strike	oewn-00423043-v	0	2	
oewn-00753893-v	command	command	v	dul:Action	propagated_from_hypernym	from oewn-02545000-v[tier1_derivation]	R1	dul:State	R1:dul:State	R1=gloss_starts_'be'	be in command of	The general commanded a huge army	oewn-02545000-v	2	2	
oewn-02629050-v	complect	complect|interconnect|interlink	v	dul:Action	propagated_from_hypernym	from oewn-02628315-v[tier1_derivation]	R1	dul:State	R1:dul:State	R1=gloss_starts_'be'	be interwoven or interconnected	The bones are interconnected via the muscle	oewn-02628315-v	1	2	
oewn-02684248-v	concern	concern|interest|occupy|worry	v	dul:Process	propagated_from_hypernym	from oewn-00630153-v[tier1_derivation]	R1	dul:State	R1:dul:State	R1=gloss_starts_'be'	be on the mind of	I worry about the second Germanic consonant shift	oewn-00630153-v	1	2	
oewn-00553083-v	concretize	concretize|concretise	v	dul:State	propagated_from_hypernym	from oewn-00109468-v[propagated_from_hypernym]	R1	dul:Achievement	R1:dul:Achievement	R1=gloss_starts_'become'	become specific	the idea concretized in her mind	oewn-00109468-v	0	2	
oewn-00366300-v	condense	condense	v	dul:Action	propagated_from_hypernym	from oewn-00226992-v[propagated_from_hypernym]	R1	dul:Achievement	R1:dul:Achievement	R1=gloss_starts_'become'	become more compact or concentrated	Her feelings condensed	oewn-00226992-v	0	2	
oewn-02673287-v	conflict	conflict	v	dul:Action	propagated_from_hypernym	from oewn-02672941-v[tier1_derivation]	R1	dul:State	R1:dul:State	R1=gloss_starts_'be'	be in conflict	The two proposals conflict!	oewn-02672941-v	1	2	
oewn-00623406-v	confuse	confuse|throw|fox|befuddle|fuddle|bedevil|confound|discombobulate	v	dul:Action	propagated_from_hypernym	from oewn-00137133-v[propagated_from_hypernym]	R1	dul:State	R1:dul:State	R1=gloss_starts_'be'	be confusing or perplexing to; cause to be unable to think clearly	These questions confuse even the experts | This question completely threw me | This question befuddled even the teacher	oewn-00137133-v	3	2	
oewn-02753278-v	connect	connect	v	dul:Action	propagated_from_hypernym	from oewn-02628315-v[tier1_derivation]	R1	dul:State	R1:dul:State	R1=gloss_starts_'be'	be scheduled so as to provide continuing service, as in transportation	The local train does not connect with the Amtrak train | The planes don't connect and you will have to wait for four hours	oewn-02628315-v	0	2	
oewn-00305203-v	constrict	constrict|constringe|narrow	v	dul:State	propagated_from_hypernym	from oewn-00420903-v[propagated_from_hypernym]	R1	dul:Achievement	R1:dul:Achievement	R1=gloss_starts_'become'	become tight or as if tight	Her throat constricted	oewn-00420903-v	2	2	
oewn-00244458-v	consubstantiate	consubstantiate	v	dul:Action	propagated_from_hypernym	from oewn-00368338-v[tier1_derivation]	R1	dul:Achievement	R1:dul:Achievement	R1=gloss_starts_'become'	become united in substance	thought and the object consubstantiate	oewn-00368338-v	0	2	
oewn-02753162-v	contain	contain	v	dul:Process	propagated_from_hypernym	from oewn-00638921-v[propagated_from_hypernym]	R1	dul:State	R1:dul:State	R1=gloss_starts_'be'	be divisible by	24 contains 6	oewn-00638921-v	0	2	
oewn-00087488-v	contract	contract|take|get	v	dul:Action	propagated_from_hypernym	from oewn-00087206-v[propagated_from_hypernym]	R1	dul:State	R1:dul:State	R1=gloss_starts_'be'	be stricken by an illness, fall victim to an illness	He got AIDS | She came down with pneumonia | She took a chill	oewn-00087206-v	1	2	
oewn-02561616-v	contribute	contribute|lead|conduce	v	dul:Action	propagated_from_hypernym	from oewn-02560630-v[tier1_derivation]	R1	dul:State	R1:dul:State	R1=gloss_starts_'be'	be conducive to	The use of computers in the classroom led to better writing	oewn-02560630-v	1	2	
oewn-00032290-v	convulse	convulse	v	dul:Process	propagated_from_hypernym	from oewn-00031813-v[tier2_indirect]	R1	dul:State	R1:dul:State	R1=gloss_starts_'be'	be overcome with laughter		oewn-00031813-v	0	2	
oewn-00274762-v	corrode	corrode|rust	v	dul:State	propagated_from_hypernym	from oewn-00209244-v[propagated_from_hypernym]	R1	dul:Achievement	R1:dul:Achievement	R1=gloss_starts_'become'	become destroyed by water, air, or a corrosive such as an acid	The metal corroded | The pipes rusted	oewn-00209244-v	1	2	
oewn-01151046-v	cover	cover	v	dul:Action	propagated_from_hypernym	from oewn-01130619-v[tier1_derivation]	R1	dul:State	R1:dul:State	R1=gloss_starts_'be'	be responsible for guarding an opponent in a game		oewn-01130619-v	0	2	
oewn-02315654-v	cover	cover	v	dul:Action	propagated_from_hypernym	from oewn-02677669-v[tier1_derivation]	R1	dul:State	R1:dul:State	R1=gloss_starts_'be'	be sufficient to meet, defray, or offset the charge or cost of	Is this enough to cover the check?	oewn-02677669-v	0	2	
oewn-00337070-v	crack	crack|check|break	v	dul:State	propagated_from_hypernym	from oewn-00109468-v[propagated_from_hypernym]	R1	dul:Achievement	R1:dul:Achievement	R1=gloss_starts_'become'	become fractured; break or crack on the surface only	The glass cracked when it was heated	oewn-00109468-v	1	2	
oewn-00486822-v	crown	crown|top	v	dul:Action	propagated_from_hypernym	from oewn-00486540-v[propagated_from_hypernym]	R1	dul:State	R1:dul:State	R1=gloss_starts_'be'	be the culminating event	The speech crowned the meeting	oewn-00486540-v	0	2	
oewn-00560467-v	crush	crush	v	dul:Event	propagated_from_hypernym	from oewn-00334996-v[tier1_derivation]	R1	dul:Achievement	R1:dul:Achievement	R1=gloss_starts_'become'	become injured, broken, or distorted by pressure	The plastic bottle crushed against the wall	oewn-00334996-v	0	2	
oewn-00313162-v	darken	darken	v	dul:State	propagated_from_hypernym	from oewn-00109468-v[propagated_from_hypernym]	R1	dul:Achievement	R1:dul:Achievement	R1=gloss_starts_'become'	become dark or darker	The sky darkened	oewn-00109468-v	3	2	
oewn-00529916-v	dawn	dawn	v	dul:State	propagated_from_hypernym	from oewn-00109468-v[propagated_from_hypernym]	R1	dul:Achievement	R1:dul:Achievement	R1=gloss_starts_'become'	become light	It started to dawn, and we had to get up	oewn-00109468-v	0	2	
oewn-00552287-v	deepen	deepen|change	v	dul:State	propagated_from_hypernym	from oewn-00109468-v[propagated_from_hypernym]	R1	dul:Achievement	R1:dul:Achievement	R1=gloss_starts_'become'	become deeper in tone	His voice began to change when he was 12 years old | Her voice deepened when she whispered the password	oewn-00109468-v	0	2	
oewn-01130221-v	defend	defend	v	dul:Action	propagated_from_hypernym	from oewn-02455370-v[tier1_derivation]	R1	dul:State	R1:dul:State	R1=gloss_starts_'be'	be on the defensive; act against an attack		oewn-02455370-v	4	2	
oewn-00478596-v	deform	deform	v	dul:State	propagated_from_hypernym	from oewn-00140787-v[propagated_from_hypernym]	R1	dul:Achievement	R1:dul:Achievement	R1=gloss_starts_'become'	become misshapen	The sidewalk deformed during the earthquake	oewn-00140787-v	0	2	
oewn-02539573-v	democratize	democratize|democratise	v	dul:State	propagated_from_hypernym	from oewn-00109468-v[propagated_from_hypernym]	R1	dul:Achievement	R1:dul:Achievement	R1=gloss_starts_'become'	become (more) democratic; of nations		oewn-00109468-v	0	2	
oewn-02670312-v	depend	depend	v	dul:Action	propagated_from_hypernym	from oewn-02634015-v[tier2_indirect]	R1	dul:State	R1:dul:State	R1=gloss_starts_'be'	be contingent upon (something that is elided)	That depends	oewn-02634015-v	1	2	
oewn-02669926-v	depend on	depend on|rely on	v	dul:Action	propagated_from_hypernym	from oewn-02634015-v[tier2_indirect]	R1	dul:State	R1:dul:State	R1=gloss_starts_'be'	be dependent on, as for support or maintenance	elderly parents often depend on their adult children	oewn-02634015-v	0	2	
oewn-02717862-v	depend on	depend on|devolve on|depend upon|ride|turn on|hinge on|hinge upon	v	dul:Action	propagated_from_hypernym	from oewn-02634015-v[tier2_indirect]	R1	dul:State	R1:dul:State	R1=gloss_starts_'be'	be contingent on	The outcomes rides on the results of the election | Your grade will depend on your homework	oewn-02634015-v	1	2	
oewn-02652462-v	deserve	deserve|merit	v	dul:Action	propagated_from_hypernym	from oewn-02634015-v[tier2_indirect]	R1	dul:State	R1:dul:State	R1=gloss_starts_'be'	be worthy or deserving	You deserve a promotion after all the hard work you have done	oewn-02634015-v	1	2	
oewn-00208905-v	deteriorate	deteriorate	v	dul:State	propagated_from_hypernym	from oewn-00209244-v[propagated_from_hypernym]	R1	dul:Achievement	R1:dul:Achievement	R1=gloss_starts_'become'	become worse or disintegrate	His mind deteriorated	oewn-00209244-v	2	2	
oewn-00506798-v	devitrify	devitrify	v	dul:Process	propagated_from_hypernym	from oewn-00444625-v[propagated_from_hypernym]	R1	dul:Achievement	R1:dul:Achievement	R1=gloss_starts_'become'	become crystalline		oewn-00444625-v	0	2	
oewn-00428636-v	die out	die out|die off	v	dul:Action	propagated_from_hypernym	from oewn-00427911-v[tier1_derivation]	R1	dul:Achievement	R1:dul:Achievement	R1=gloss_starts_'become'	become extinct	Dinosaurs died out	oewn-00427911-v	0	2	
oewn-00118882-v	differentiate	differentiate	v	dul:State	propagated_from_hypernym	from oewn-00160461-v[tier2_indirect]	R1	dul:Achievement	R1:dul:Achievement	R1=gloss_starts_'become'	become distinct and acquire a different character		oewn-00160461-v	0	2	
oewn-00119332-v	differentiate	differentiate	v	dul:Action	propagated_from_hypernym	from oewn-00252905-v[propagated_from_hypernym]	R1	dul:Achievement	R1:dul:Achievement	R1=gloss_starts_'become'	become different during development	cells differentiate	oewn-00252905-v	0	2	
oewn-00482486-v	digest	digest	v	dul:State	propagated_from_hypernym	from oewn-00109468-v[propagated_from_hypernym]	R1	dul:Achievement	R1:dul:Achievement	R1=gloss_starts_'become'	become assimilated into the body	Protein digests in a few hours	oewn-00109468-v	0	2	
oewn-00314386-v	dim	dim	v	dul:State	propagated_from_hypernym	from oewn-00109468-v[propagated_from_hypernym]	R1	dul:Achievement	R1:dul:Achievement	R1=gloss_starts_'become'	become dim or lusterless	the lights dimmed and the curtain rose	oewn-00109468-v	0	2	
oewn-00806464-v	disagree	disagree|differ|dissent|take issue	v	dul:Process	propagated_from_hypernym	from oewn-00630153-v[tier1_derivation]	R1	dul:State	R1:dul:State	R1=gloss_starts_'be'	be of different opinions	I beg to differ! | She disagrees with her husband on many questions	oewn-00630153-v	3	2	
oewn-00160820-v	dissimilate	dissimilate	v	dul:State	propagated_from_hypernym	from oewn-00109468-v[propagated_from_hypernym]	R1	dul:Achievement	R1:dul:Achievement	R1=gloss_starts_'become'	become dissimilar by changing the sound qualities	These consonants dissimilate	oewn-00109468-v	0	2	
oewn-02139793-v	dissonate	dissonate	v	dul:Action	propagated_from_hypernym	from oewn-02139513-v[propagated_from_hypernym]	R1	dul:State	R1:dul:State	R1=gloss_starts_'be'	be dissonant or harsh	The violins in this piece dissonated disturbingly	oewn-02139513-v	0	2	
oewn-00653662-v	distinguish	distinguish|mark|differentiate	v	dul:Action	propagated_from_hypernym	from oewn-00958719-v[tier1_derivation]	R1	dul:State	R1:dul:State	R1=gloss_starts_'be'	be a distinctive feature, attribute, or trait; sometimes in a very positive sense	His modesty distinguishes him from his peers	oewn-00958719-v	1	2	
oewn-02653015-v	dominate	dominate	v	dul:Action	propagated_from_hypernym	from oewn-02542223-v[propagated_from_hypernym]	R1	dul:State	R1:dul:State	R1=gloss_starts_'be'	be in control	Her husband completely dominates her	oewn-02542223-v	2	2	
oewn-02703452-v	dote	dote	v	dul:Action	propagated_from_hypernym	from oewn-00248912-v[propagated_from_hypernym]	R1	dul:State	R1:dul:State	R1=gloss_starts_'be'	be foolish or senile due to old age		oewn-00248912-v	0	2	
oewn-00572467-v	drift	drift	v	dul:Action	propagated_from_hypernym	from oewn-00158612-v[tier1_derivation]	R1	dul:State	R1:dul:State	R1=gloss_starts_'be'	be piled up in banks or heaps by the force of wind or a current	snow drifting several feet high | sand drifting like snow	oewn-00158612-v	0	2	
oewn-00739010-v	drink in	drink in|drink	v	dul:Process	propagated_from_hypernym	from oewn-00602438-v[propagated_from_hypernym]	R1	dul:State	R1:dul:State	R1=gloss_starts_'be'	be fascinated or spell-bound by; pay close attention to	The mother drinks in every word of her son on the stage	oewn-00602438-v	0	2	
oewn-02110088-v	drown	drown	v	dul:Action	propagated_from_hypernym	from oewn-01995486-v[propagated_from_hypernym]	R1	dul:State	R1:dul:State	R1=gloss_starts_'be'	be in danger of dying from submersion in a liquid and asphyxiation	the divers saved the drowning child	oewn-01995486-v	0	2	
oewn-00016373-v	drowse	drowse	v	dul:Action	propagated_from_hypernym	from oewn-00014398-v[tier2_indirect]	R1	dul:State	R1:dul:State	R1=gloss_starts_'be'	be on the verge of sleeping	The students were drowsing in the 8 AM class	oewn-00014398-v	1	2	
oewn-00219829-v	dry	dry|dry out	v	dul:State	propagated_from_hypernym	from oewn-00109468-v[propagated_from_hypernym]	R1	dul:Achievement	R1:dul:Achievement	R1=gloss_starts_'become'	become dry or drier	The laundry dries in the sun	oewn-00109468-v	2	2	
oewn-00392673-v	dull	dull	v	dul:State	propagated_from_hypernym	from oewn-00109468-v[propagated_from_hypernym]	R1	dul:Achievement	R1:dul:Achievement	R1=gloss_starts_'become'	become dull or lusterless in appearance; lose shine or brightness	the varnished table top dulled with time	oewn-00109468-v	0	2	
oewn-00313357-v	dusk	dusk	v	dul:State	propagated_from_hypernym	from oewn-00313162-v[propagated_from_hypernym]	R1	dul:Achievement	R1:dul:Achievement	R1=gloss_starts_'become'	become dusk		oewn-00313162-v	0	2	
oewn-00268567-v	dwindle	dwindle|dwindle away|dwindle down	v	dul:Action	propagated_from_hypernym	from oewn-00151509-v[tier1_derivation]	R1	dul:Achievement	R1:dul:Achievement	R1=gloss_starts_'become'	become smaller or lose substance	Her savings dwindled down	oewn-00151509-v	0	2	
oewn-00156293-v	ease up	ease up|ease off|slacken off|flag	v	dul:Action	propagated_from_hypernym	from oewn-00151509-v[tier1_derivation]	R1	dul:Achievement	R1:dul:Achievement	R1=gloss_starts_'become'	become less intense		oewn-00151509-v	0	2	
oewn-00256158-v	effloresce	effloresce	v	dul:Process	propagated_from_hypernym	from oewn-00255965-v[propagated_from_hypernym]	R1	dul:Achievement	R1:dul:Achievement	R1=gloss_starts_'become'	become encrusted with crystals due to evaporation		oewn-00255965-v	0	2	
oewn-02729107-v	elude	elude|escape	v	dul:Action	propagated_from_hypernym	from oewn-00624056-v[tier1_derivation]	R1	dul:State	R1:dul:State	R1=gloss_starts_'be'	be incomprehensible to; escape understanding by	What you are seeing in him eludes me	oewn-00624056-v	1	2	
oewn-00449635-v	empty	empty|discharge	v	dul:State	propagated_from_hypernym	from oewn-00145958-v[propagated_from_hypernym]	R1	dul:Achievement	R1:dul:Achievement	R1=gloss_starts_'become'	become empty or void of its content	The room emptied	oewn-00145958-v	1	2	
oewn-00157652-v	enlarge	enlarge	v	dul:Action	propagated_from_hypernym	from oewn-00231172-v[propagated_from_hypernym]	R1	dul:Achievement	R1:dul:Achievement	R1=gloss_starts_'become'	become larger or bigger		oewn-00231172-v	1	2	
oewn-01831006-v	envy	envy|begrudge	v	dul:Action	propagated_from_hypernym	from oewn-01829179-v[propagated_from_hypernym]	R1	dul:State	R1:dul:State	R1=gloss_starts_'be'	be envious of; set one's heart on		oewn-01829179-v	1	2	
oewn-02677976-v	equal	equal|touch|rival|match	v	dul:Action	propagated_from_hypernym	from oewn-01074673-v[tier1_derivation]	R1	dul:State	R1:dul:State	R1=gloss_starts_'be'	be equal to in quality or ability	Nothing can rival cotton for durability | Your performance doesn't even touch that of your colleagues | Her persistence and ambition only matches that of her parents	oewn-01074673-v	0	2	
oewn-00308350-v	erupt	erupt|belch|extravasate	v	dul:Action	propagated_from_hypernym	from oewn-00306798-v[tier1_derivation]	R1	dul:Achievement	R1:dul:Achievement	R1=gloss_starts_'become'	become active and spew forth lava and rocks	Vesuvius erupts once in a while	oewn-00306798-v	0	2	
oewn-00309856-v	erupt	erupt|recrudesce|break out	v	dul:Action	propagated_from_hypernym	from oewn-00070587-v[propagated_from_hypernym]	R1	dul:Achievement	R1:dul:Achievement	R1=gloss_starts_'become'	become raw or open	He broke out in hives | My skin breaks out when I eat strawberries | Such boils tend to recrudesce	oewn-00070587-v	0	2	
oewn-00417805-v	even	even|even out	v	dul:Action	propagated_from_hypernym	from oewn-00126072-v[tier1_derivation]	R1	dul:Achievement	R1:dul:Achievement	R1=gloss_starts_'become'	become even or more even	even out the surface	oewn-00126072-v	0	2	
oewn-02729608-v	exemplify	exemplify|represent	v	dul:Action	propagated_from_hypernym	from oewn-02703567-v[propagated_from_hypernym]	R1	dul:State	R1:dul:State	R1=gloss_starts_'be'	be typical of	This compositional style is exemplified by this fugue	oewn-02703567-v	0	2	
oewn-00258155-v	expand	expand	v	dul:Action	propagated_from_hypernym	from oewn-00231172-v[propagated_from_hypernym]	R1	dul:Achievement	R1:dul:Achievement	R1=gloss_starts_'become'	become larger in size or volume or quantity	his business expanded rapidly	oewn-00231172-v	2	2	
oewn-02132979-v	eyewitness	eyewitness	v	dul:Action	propagated_from_hypernym	from oewn-02132751-v[propagated_from_hypernym]	R1	dul:State	R1:dul:State	R1=gloss_starts_'be'	be present at an event and see it with one's own eyes		oewn-02132751-v	0	2	
oewn-02329897-v	factor	factor	v	dul:Action	propagated_from_hypernym	from oewn-02329474-v[propagated_from_hypernym]	R1	dul:State	R1:dul:State	R1=gloss_starts_'be'	be a contributing factor	make things factor into a company's profitability	oewn-02329474-v	0	2	
oewn-02323383-v	fail	fail	v	dul:State	propagated_from_hypernym	from oewn-00122978-v[propagated_from_hypernym]	R1	dul:Achievement	R1:dul:Achievement	R1=gloss_starts_'become'	become bankrupt or insolvent; fail financially and close	The toy company went bankrupt after the competition hired cheap Mexican labor | A number of banks failed that year	oewn-00122978-v	0	2	
oewn-00361331-v	fall	fall	v	dul:Process	propagated_from_hypernym	from oewn-00361585-v[tier1_derivation]	R1	dul:State	R1:dul:State	R1=gloss_starts_'be'	be born, used chiefly of lambs	The lambs fell in the afternoon	oewn-00361585-v	0	2	
oewn-02234332-v	fall	fall|return|pass|devolve	v	dul:Action	propagated_from_hypernym	from oewn-02226741-v[propagated_from_hypernym]	R1	dul:State	R1:dul:State	R1=gloss_starts_'be'	be inherited by	The estate fell to my sister | The land returned to the family | The estate devolved to an heir that everybody had assumed to be dead	oewn-02226741-v	1	2	
oewn-02746079-v	falter	falter|waver	v	dul:Action	propagated_from_hypernym	from oewn-02646524-v[tier1_derivation]	R1	dul:State	R1:dul:State	R1=gloss_starts_'be'	be unsure or weak	Their enthusiasm is faltering	oewn-02646524-v	0	2	
oewn-01346574-v	fasten	fasten	v	dul:Action	propagated_from_hypernym	from oewn-01293025-v[propagated_from_hypernym]	R1	dul:Achievement	R1:dul:Achievement	R1=gloss_starts_'become'	become fixed or fastened	This dress fastens in the back	oewn-01293025-v	4	2	
oewn-01784021-v	fear	fear|dread	v	dul:Action	propagated_from_hypernym	from oewn-01775456-v[propagated_from_hypernym]	R1	dul:State	R1:dul:State	R1=gloss_starts_'be'	be afraid or scared of; be frightened of	I fear the winters in Moscow | We should not fear the Communists!	oewn-01775456-v	1	2	
oewn-01784387-v	fear	fear	v	dul:Action	propagated_from_hypernym	from oewn-00913515-v[propagated_from_hypernym]	R1	dul:State	R1:dul:State	R1=gloss_starts_'be'	be sorry; used to introduce an unpleasant statement	I fear I won't make it to your wedding party	oewn-00913515-v	0	2	
oewn-01784548-v	fear	fear	v	dul:Action	propagated_from_hypernym	from oewn-01771015-v[propagated_from_hypernym]	R1	dul:State	R1:dul:State	R1=gloss_starts_'be'	be afraid or feel anxious or apprehensive about a possible or probable situation or event	I fear she might get aggressive	oewn-01771015-v	0	2	
oewn-01205854-v	feed on	feed on|feed upon	v	dul:Action	propagated_from_hypernym	from oewn-01185870-v[propagated_from_hypernym]	R1	dul:State	R1:dul:State	R1=gloss_starts_'be'	be sustained by	He fed on the great ideas of her mentor	oewn-01185870-v	0	2	
oewn-00105712-v	feel	feel	v	dul:Action	propagated_from_hypernym	from oewn-02110960-v[propagated_from_hypernym]	R1	dul:State	R1:dul:State	R1=gloss_starts_'be'	be conscious of a physical, mental, or emotional state	My cold is gone — I feel fine today | She felt tired after the long hike | She felt sad after her loss	oewn-02110960-v	2	2	
oewn-00105971-v	feel like a million	feel like a million|feel like a million dollars	v	dul:Action	propagated_from_hypernym	from oewn-00105712-v[propagated_from_hypernym]	R1	dul:State	R1:dul:State	R1=gloss_starts_'be'	be in excellent health and spirits	he feels like a million after he got the promotion	oewn-00105712-v	0	2	
oewn-01767155-v	ferment	ferment	v	dul:Action	propagated_from_hypernym	from oewn-01771464-v[propagated_from_hypernym]	R1	dul:State	R1:dul:State	R1=gloss_starts_'be'	be in an agitated or excited state	The Middle East is fermenting | Her mind ferments	oewn-01771464-v	0	2	
oewn-02252172-v	fetch	fetch|bring in|bring	v	dul:Action	propagated_from_hypernym	from oewn-02733758-v[tier1_derivation]	R1	dul:State	R1:dul:State	R1=gloss_starts_'be'	be sold for a certain price	The painting brought $10,000 | The old print fetched a high price at the auction	oewn-02733758-v	0	2	
oewn-00452793-v	fill	fill|fill up	v	dul:State	propagated_from_hypernym	from oewn-00145958-v[propagated_from_hypernym]	R1	dul:Achievement	R1:dul:Achievement	R1=gloss_starts_'become'	become full	The pool slowly filled with water | The theater filled up slowly	oewn-00145958-v	3	2	
oewn-02162464-v	film over	film over|glaze over|blur	v	dul:State	propagated_from_hypernym	from oewn-00122978-v[propagated_from_hypernym]	R1	dul:Achievement	R1:dul:Achievement	R1=gloss_starts_'become'	become glassy; lose clear vision	Her eyes glazed over from lack of sleep	oewn-00122978-v	0	2	
oewn-00589500-v	fire	fire|flame up	v	dul:State	propagated_from_hypernym	from oewn-00122978-v[propagated_from_hypernym]	R1	dul:Achievement	R1:dul:Achievement	R1=gloss_starts_'become'	become ignited	The furnace wouldn't fire	oewn-00122978-v	0	2	
oewn-02673959-v	fit the bill	fit the bill|fill the bill	v	dul:Action	propagated_from_hypernym	from oewn-01185870-v[propagated_from_hypernym]	R1	dul:State	R1:dul:State	R1=gloss_starts_'be'	be what is needed or be good enough for what is required	Does this restaurant fit the bill for the celebration?	oewn-01185870-v	0	2	
oewn-00464382-v	flatten	flatten|flatten out	v	dul:State	propagated_from_hypernym	from oewn-00140787-v[propagated_from_hypernym]	R1	dul:Achievement	R1:dul:Achievement	R1=gloss_starts_'become'	become flat or flatter	The landscape flattened	oewn-00140787-v	2	2	
oewn-01906776-v	float	float|drift|be adrift|blow	v	dul:Action	propagated_from_hypernym	from oewn-01839438-v[tier1_derivation]	R1	dul:State	R1:dul:State	R1=gloss_starts_'be'	be in motion due to some air or water current	The leaves were blowing in the wind | the boat drifted on the lake | The sailboat was adrift on the open sea | the shipwrecked boat drifted away from the shore	oewn-01839438-v	3	2	
oewn-01843346-v	fly	fly	v	dul:Action	propagated_from_hypernym	from oewn-01839438-v[tier1_derivation]	R1	dul:State	R1:dul:State	R1=gloss_starts_'be'	be dispersed or disseminated	Rumors and accusations are flying	oewn-01839438-v	0	2	
oewn-01833567-v	fly high	fly high	v	dul:Action	propagated_from_hypernym	from oewn-01775456-v[propagated_from_hypernym]	R1	dul:State	R1:dul:State	R1=gloss_starts_'be'	be elated	He was flying high during the summer months	oewn-01775456-v	0	2	
oewn-01800226-v	foam at the mouth	foam at the mouth|froth at the mouth	v	dul:Action	propagated_from_hypernym	from oewn-01800044-v[propagated_from_hypernym]	R1	dul:State	R1:dul:State	R1=gloss_starts_'be'	be in a state of uncontrolled anger		oewn-01800044-v	0	2	
oewn-00250442-v	fossilize	fossilize|fossilise	v	dul:Action	propagated_from_hypernym	from oewn-00248912-v[propagated_from_hypernym]	R1	dul:Achievement	R1:dul:Achievement	R1=gloss_starts_'become'	become mentally inflexible		oewn-00248912-v	0	2	
oewn-00493161-v	foul	foul	v	dul:State	propagated_from_hypernym	from oewn-00109468-v[propagated_from_hypernym]	R1	dul:Achievement	R1:dul:Achievement	R1=gloss_starts_'become'	become soiled and dirty		oewn-00109468-v	0	2	
oewn-00511315-v	fox	fox	v	dul:State	propagated_from_hypernym	from oewn-00511039-v[propagated_from_hypernym]	R1	dul:Achievement	R1:dul:Achievement	R1=gloss_starts_'become'	become discolored with, or as if with, mildew spots		oewn-00511039-v	0	2	
oewn-00108107-v	fracture	fracture	v	dul:Event	propagated_from_hypernym	from oewn-00334996-v[tier1_derivation]	R1	dul:Achievement	R1:dul:Achievement	R1=gloss_starts_'become'	become fractured	The tibia fractured from the blow of the iron pipe	oewn-00334996-v	0	2	
oewn-02395069-v	fraternize	fraternize|fraternise	v	dul:Action	propagated_from_hypernym	from oewn-02394092-v[tier1_derivation]	R1	dul:State	R1:dul:State	R1=gloss_starts_'be'	be on friendly terms with someone, as if with a brother, especially with an enemy		oewn-02394092-v	0	2	
oewn-00511197-v	freckle	freckle	v	dul:State	propagated_from_hypernym	from oewn-00511039-v[propagated_from_hypernym]	R1	dul:Achievement	R1:dul:Achievement	R1=gloss_starts_'become'	become freckled	I freckle easily	oewn-00511039-v	0	2	
oewn-00077891-v	freeze	freeze	v	dul:Action	propagated_from_hypernym	from oewn-00064841-v[propagated_from_hypernym]	R1	dul:State	R1:dul:State	R1=gloss_starts_'be'	be cold	I could freeze to death in this office when the air conditioning is turned on	oewn-00064841-v	0	2	
oewn-01848373-v	frequent	frequent|haunt	v	dul:Action	propagated_from_hypernym	from oewn-01847631-v[tier1_derivation]	R1	dul:State	R1:dul:State	R1=gloss_starts_'be'	be a regular or frequent visitor to a certain place	She haunts the ballet	oewn-01847631-v	1	2	
oewn-00024807-v	freshen	freshen|refresh|refreshen|freshen up	v	dul:State	propagated_from_hypernym	from oewn-00109468-v[propagated_from_hypernym]	R1	dul:Achievement	R1:dul:Achievement	R1=gloss_starts_'become'	become or make oneself fresh again	She freshened up after the tennis game	oewn-00109468-v	1	2	
oewn-01771313-v	fret	fret	v	dul:Action	propagated_from_hypernym	from oewn-01771015-v[propagated_from_hypernym]	R1	dul:State	R1:dul:State	R1=gloss_starts_'be'	be agitated or irritated	don't fret over these small details	oewn-01771015-v	1	2	
oewn-00507753-v	fructify	fructify	v	dul:Action	propagated_from_hypernym	from oewn-00205454-v[tier1_derivation]	R1	dul:Achievement	R1:dul:Achievement	R1=gloss_starts_'become'	become productive or fruitful	The seeds fructified	oewn-00205454-v	0	2	
oewn-02744116-v	fry	fry	v	dul:Process	propagated_from_hypernym	from oewn-00373318-v[tier1_derivation]	R1	dul:State	R1:dul:State	R1=gloss_starts_'be'	be excessively hot	If the children stay out on the beach for another hour, they'll be fried	oewn-00373318-v	0	2	
oewn-01799344-v	fume	fume	v	dul:Action	propagated_from_hypernym	from oewn-01775456-v[propagated_from_hypernym]	R1	dul:State	R1:dul:State	R1=gloss_starts_'be'	be mad, angry, or furious		oewn-01775456-v	0	2	
oewn-00398098-v	fuse	fuse	v	dul:State	propagated_from_hypernym	from oewn-00444939-v[propagated_from_hypernym]	R1	dul:Achievement	R1:dul:Achievement	R1=gloss_starts_'become'	become plastic or fluid or liquefied from heat	The substances fused at a very high temperature	oewn-00444939-v	0	2	
oewn-00113536-v	gel	gel	v	dul:State	propagated_from_hypernym	from oewn-00109468-v[propagated_from_hypernym]	R1	dul:Achievement	R1:dul:Achievement	R1=gloss_starts_'become'	become a gel	The solid, when heated, gelled	oewn-00109468-v	0	2	
oewn-00566356-v	gelatinize	gelatinize|gelatinise	v	dul:State	propagated_from_hypernym	from oewn-00109468-v[propagated_from_hypernym]	R1	dul:Achievement	R1:dul:Achievement	R1=gloss_starts_'become'	become gelatinous or change into a jelly	the starch gelatinized when it was heated	oewn-00109468-v	0	2	
oewn-00104219-v	generalize	generalize|generalise	v	dul:Action	propagated_from_hypernym	from oewn-01381221-v[tier1_derivation]	R1	dul:Achievement	R1:dul:Achievement	R1=gloss_starts_'become'	become systemic and spread throughout the body	this kind of infection generalizes throughout the immune system	oewn-01381221-v	0	2	
oewn-02417219-v	get off	get off	v	dul:Action	propagated_from_hypernym	from oewn-02686624-v[tier1_derivation]	R1	dul:State	R1:dul:State	R1=gloss_starts_'be'	be relieved of one's duties temporarily		oewn-02686624-v	0	2	
oewn-01106787-v	get the jump	get the jump	v	dul:Action	propagated_from_hypernym	from oewn-01104324-v[tier1_derivation]	R1	dul:State	R1:dul:State	R1=gloss_starts_'be'	be there first	They had gotten the jump on their competitors	oewn-01104324-v	0	2	
oewn-01452389-v	give	give|yield	v	dul:Action	propagated_from_hypernym	from oewn-00241696-v[tier2_indirect]	R1	dul:State	R1:dul:State	R1=gloss_starts_'be'	be flexible under stress of physical force	This material doesn't give	oewn-00241696-v	0	2	
oewn-01816917-v	gladden	gladden	v	dul:Action	propagated_from_hypernym	from oewn-01817851-v[propagated_from_hypernym]	R1	dul:Achievement	R1:dul:Achievement	R1=gloss_starts_'become'	become glad or happy		oewn-01817851-v	0	2	
oewn-02771048-v	glare	glare	v	dul:Action	propagated_from_hypernym	from oewn-02771882-v[propagated_from_hypernym]	R1	dul:State	R1:dul:State	R1=gloss_starts_'be'	be sharply reflected	The moon glared back at itself from the lake's surface	oewn-02771882-v	0	2	
oewn-00125255-v	glaze	glaze|glass|glass over|glaze over	v	dul:State	propagated_from_hypernym	from oewn-00109468-v[propagated_from_hypernym]	R1	dul:Achievement	R1:dul:Achievement	R1=gloss_starts_'become'	become glassy or take on a glass-like appearance	Her eyes glaze over when she is bored	oewn-00109468-v	0	2	
oewn-01833984-v	glow	glow	v	dul:Action	propagated_from_hypernym	from oewn-01775456-v[propagated_from_hypernym]	R1	dul:State	R1:dul:State	R1=gloss_starts_'be'	be exuberant or high-spirited	Make the people's hearts glow	oewn-01775456-v	0	2	
oewn-00487786-v	glue	glue	v	dul:Action	propagated_from_hypernym	from oewn-01346574-v[propagated_from_hypernym]	R1	dul:State	R1:dul:State	R1=gloss_starts_'be'	be fixed as if by glue	His eyes were glued on her	oewn-01346574-v	0	2	
oewn-00360569-v	go	go	v	dul:Action	propagated_from_hypernym	from oewn-00427911-v[tier1_derivation]	R1	dul:State	R1:dul:State	R1=gloss_starts_'be'	be abolished or discarded	These ugly billboards have to go! | These luxuries all had to go under the Khmer Rouge	oewn-00427911-v	0	2	
oewn-01195525-v	go	go	v	dul:Action	propagated_from_hypernym	from oewn-00428350-v[propagated_from_hypernym]	R1	dul:State	R1:dul:State	R1=gloss_starts_'be'	be spent	All my money went for food and rent	oewn-00428350-v	0	2	
oewn-02659957-v	go	go	v	dul:Action	propagated_from_hypernym	from oewn-02225243-v[propagated_from_hypernym]	R1	dul:State	R1:dul:State	R1=gloss_starts_'be'	be awarded; be allotted	The first prize goes to Mary | Her money went on clothes	oewn-02225243-v	0	2	
oewn-02706526-v	go	go	v	dul:Action	propagated_from_hypernym	from oewn-02139513-v[propagated_from_hypernym]	R1	dul:State	R1:dul:State	R1=gloss_starts_'be'	be sounded, played, or expressed	How does this song go again?	oewn-02139513-v	0	2	
oewn-02706632-v	go	go	v	dul:Process	propagated_from_hypernym	from oewn-00643760-v[propagated_from_hypernym]	R1	dul:State	R1:dul:State	R1=gloss_starts_'be'	be contained in	How many times does 18 go into 54?	oewn-00643760-v	0	2	
oewn-00971905-v	go around	go around|spread|circulate	v	dul:Action	propagated_from_hypernym	from oewn-01839438-v[tier1_derivation]	R1	dul:Achievement	R1:dul:Achievement	R1=gloss_starts_'become'	become widely known and passed on	the rumor spread | the story went around in the office	oewn-01839438-v	0	2	
oewn-02744001-v	go around	go around	v	dul:Action	propagated_from_hypernym	from oewn-02675578-v[propagated_from_hypernym]	R1	dul:State	R1:dul:State	R1=gloss_starts_'be'	be sufficient	There's not enough to go around	oewn-02675578-v	0	2	
oewn-00150797-v	go by	go by	v	dul:Action	propagated_from_hypernym	from oewn-00150596-v[propagated_from_hypernym]	R1	dul:State	R1:dul:State	R1=gloss_starts_'be'	be or act in accordance with	Go by this rule and you'll be safe	oewn-00150596-v	0	2	
oewn-01031401-v	go by	go by|go under	v	dul:Action	propagated_from_hypernym	from oewn-01161188-v[tier1_derivation]	R1	dul:State	R1:dul:State	R1=gloss_starts_'be'	be called; go by a certain name	She goes by her maiden name again	oewn-01161188-v	0	2	
oewn-01207951-v	go down	go down	v	dul:Action	propagated_from_hypernym	from oewn-00428350-v[propagated_from_hypernym]	R1	dul:State	R1:dul:State	R1=gloss_starts_'be'	be ingested	This wine sure goes down well | The food wouldn't go down	oewn-00428350-v	0	2	
oewn-02742134-v	go into	go into	v	dul:Action	propagated_from_hypernym	from oewn-02561616-v[propagated_from_hypernym]	R1	dul:State	R1:dul:State	R1=gloss_starts_'be'	be used or required for	A lot of energy went into the organization of this banquet	oewn-02561616-v	0	2	
oewn-00308077-v	go off	go off	v	dul:Action	propagated_from_hypernym	from oewn-00306798-v[tier1_derivation]	R1	dul:State	R1:dul:State	R1=gloss_starts_'be'	be discharged or activated	the explosive devices went off	oewn-00306798-v	0	2	
oewn-00353073-v	go out	go out	v	dul:Action	propagated_from_hypernym	from oewn-02615799-v[tier1_derivation]	R1	dul:Achievement	R1:dul:Achievement	R1=gloss_starts_'become'	become extinguished	The lights suddenly went out and we were in the dark	oewn-02615799-v	0	2	
oewn-00209099-v	go to pot	go to pot|go to the dogs	v	dul:State	propagated_from_hypernym	from oewn-00208905-v[propagated_from_hypernym]	R1	dul:Achievement	R1:dul:Achievement	R1=gloss_starts_'become'	become ruined	His business went to pot when the economy soured	oewn-00208905-v	0	2	
oewn-01947808-v	go up	go up	v	dul:Event	propagated_from_hypernym	from oewn-01972576-v[tier1_derivation]	R1	dul:State	R1:dul:State	R1=gloss_starts_'be'	be erected, built, or constructed	New buildings are going up everywhere	oewn-01972576-v	0	2	
oewn-00141344-v	granulate	granulate|grain	v	dul:State	propagated_from_hypernym	from oewn-00140787-v[propagated_from_hypernym]	R1	dul:Achievement	R1:dul:Achievement	R1=gloss_starts_'become'	become granular		oewn-00140787-v	0	2	
oewn-02737871-v	gravitate	gravitate	v	dul:Action	propagated_from_hypernym	from oewn-01775456-v[propagated_from_hypernym]	R1	dul:State	R1:dul:State	R1=gloss_starts_'be'	be attracted to	Boys gravitate towards girls at that age	oewn-01775456-v	0	2	
oewn-01809351-v	grizzle	grizzle|brood|stew	v	dul:Action	propagated_from_hypernym	from oewn-02724891-v[propagated_from_hypernym]	R1	dul:State	R1:dul:State	R1=gloss_starts_'be'	be in a huff; be silent or sullen		oewn-02724891-v	0	2	
oewn-00231172-v	grow	grow	v	dul:Action	propagated_from_hypernym	from oewn-00156409-v[tier1_derivation]	R1	dul:Achievement	R1:dul:Achievement	R1=gloss_starts_'become'	become larger, greater, or bigger; expand or gain	The problem grew too large for me | Her business grew fast	oewn-00156409-v	19	2	
oewn-00251425-v	grow	grow	v	dul:State	propagated_from_hypernym	from oewn-00109468-v[propagated_from_hypernym]	R1	dul:Achievement	R1:dul:Achievement	R1=gloss_starts_'become'	become attached by or as if by the process of growth	The tree trunks had grown together	oewn-00109468-v	0	2	
oewn-02546044-v	grow up	grow up	v	dul:Action	propagated_from_hypernym	from oewn-00251067-v[propagated_from_hypernym]	R1	dul:Achievement	R1:dul:Achievement	R1=gloss_starts_'become'	become an adult		oewn-00251067-v	1	2	
oewn-00587464-v	gum	gum	v	dul:State	propagated_from_hypernym	from oewn-00109468-v[propagated_from_hypernym]	R1	dul:Achievement	R1:dul:Achievement	R1=gloss_starts_'become'	become sticky		oewn-00109468-v	0	2	
oewn-02749089-v	hail	hail|come	v	dul:Action	propagated_from_hypernym	from oewn-02614382-v[tier1_derivation]	R1	dul:State	R1:dul:State	R1=gloss_starts_'be'	be a native of	She hails from Kalamazoo	oewn-02614382-v	1	2	
oewn-02740827-v	hang	hang	v	dul:Process	propagated_from_hypernym	from oewn-02684248-v[propagated_from_hypernym]	R1	dul:State	R1:dul:State	R1=gloss_starts_'be'	be menacing, burdensome, or oppressive	This worry hangs on my mind | The cloud of suspicion hangs over her	oewn-02684248-v	1	2	
oewn-02746878-v	hang	hang	v	dul:Process	propagated_from_hypernym	from oewn-00426920-v[propagated_from_hypernym]	R1	dul:State	R1:dul:State	R1=gloss_starts_'be'	be exhibited	Picasso hangs in this new wing of the museum	oewn-00426920-v	0	2	
oewn-02628114-v	hang together	hang together|interdepend	v	dul:Action	propagated_from_hypernym	from oewn-01357376-v[tier1_derivation]	R1	dul:State	R1:dul:State	R1=gloss_starts_'be'	be connected	In my heart I can make the world hang together	oewn-01357376-v	0	2	
oewn-02746620-v	have	have	v	dul:Action	propagated_from_hypernym	from oewn-02110960-v[propagated_from_hypernym]	R1	dul:State	R1:dul:State	R1=gloss_starts_'be'	be confronted with	What do we have here? | Now we have a fine mess	oewn-02110960-v	0	2	
oewn-00663151-v	have the distinction	have the distinction	v	dul:Process	propagated_from_hypernym	from oewn-00652006-v[propagated_from_hypernym]	R1	dul:State	R1:dul:State	R1=gloss_starts_'be'	be distinguished from others of a similar type by virtue of a notable characteristic	it has the distinction of being the cheapest restaurant in town	oewn-00652006-v	0	2	
oewn-02778160-v	haze	haze	v	dul:State	propagated_from_hypernym	from oewn-02776675-v[tier1_derivation]	R1	dul:Achievement	R1:dul:Achievement	R1=gloss_starts_'become'	become hazy, dull, or cloudy		oewn-02776675-v	0	2	
oewn-02445109-v	head	head|lead	v	dul:Action	propagated_from_hypernym	from oewn-02444366-v[propagated_from_hypernym]	R1	dul:State	R1:dul:State	R1=gloss_starts_'be'	be in charge of	Who is heading this project?	oewn-02444366-v	5	2	
oewn-02734898-v	head	head|head up	v	dul:Action	propagated_from_hypernym	from oewn-02445109-v[propagated_from_hypernym]	R1	dul:State	R1:dul:State	R1=gloss_starts_'be'	be the first or leading member of (a group) and excel	This student heads the class	oewn-02445109-v	0	2	
oewn-00433389-v	heighten	heighten|rise	v	dul:Action	propagated_from_hypernym	from oewn-00153083-v[tier1_derivation]	R1	dul:Achievement	R1:dul:Achievement	R1=gloss_starts_'become'	become more extreme	The tension heightened	oewn-00153083-v	0	2	
oewn-01936453-v	helm	helm	v	dul:Action	propagated_from_hypernym	from oewn-01935739-v[tier1_derivation]	R1	dul:State	R1:dul:State	R1=gloss_starts_'be'	be at or take the helm of	helm the ship	oewn-01935739-v	0	2	
oewn-02554119-v	help out	help out	v	dul:Action	propagated_from_hypernym	from oewn-02553283-v[tier1_derivation]	R1	dul:State	R1:dul:State	R1=gloss_starts_'be'	be of help, as in a particular situation of need	Can you help out tonight with the dinner guests?	oewn-02553283-v	0	2	
oewn-02446971-v	hold sway	hold sway	v	dul:Action	propagated_from_hypernym	from oewn-02445887-v[propagated_from_hypernym]	R1	dul:State	R1:dul:State	R1=gloss_starts_'be'	be master; reign or rule		oewn-02445887-v	0	2	
oewn-01815408-v	hope	hope	v	dul:Action	propagated_from_hypernym	from oewn-01829179-v[propagated_from_hypernym]	R1	dul:State	R1:dul:State	R1=gloss_starts_'be'	be optimistic; be full of hope; have hopes	I am still hoping that all will turn out well	oewn-01829179-v	0	2	
oewn-01196951-v	host	host	v	dul:Action	propagated_from_hypernym	from oewn-02497847-v[propagated_from_hypernym]	R1	dul:State	R1:dul:State	R1=gloss_starts_'be'	be the host of or for	We hosted 4 couples last night	oewn-02497847-v	4	2	
oewn-00462309-v	hush	hush	v	dul:State	propagated_from_hypernym	from oewn-00109468-v[propagated_from_hypernym]	R1	dul:Achievement	R1:dul:Achievement	R1=gloss_starts_'become'	become quiet or still; fall silent	hush my baby!	oewn-00109468-v	0	2	
oewn-02764539-v	ice up	ice up|frost over|ice over	v	dul:State	propagated_from_hypernym	from oewn-00109468-v[propagated_from_hypernym]	R1	dul:Achievement	R1:dul:Achievement	R1=gloss_starts_'become'	become covered with a layer of ice; of a surface such as a window	When the wings iced up, the pilot was forced to land his plane	oewn-00109468-v	0	2	
oewn-02456614-v	impede	impede|hinder	v	dul:Action	propagated_from_hypernym	from oewn-02455370-v[tier1_derivation]	R1	dul:State	R1:dul:State	R1=gloss_starts_'be'	be a hindrance or obstacle to	She is impeding the progress of our project	oewn-02455370-v	8	2	
oewn-01293333-v	implant	implant	v	dul:Action	propagated_from_hypernym	from oewn-01293025-v[propagated_from_hypernym]	R1	dul:Achievement	R1:dul:Achievement	R1=gloss_starts_'become'	become attached to and embedded in the uterus	The egg fertilized in vitro implanted in the uterus of the birth mother with no further complications	oewn-01293025-v	0	2	
oewn-00350246-v	inaugurate	inaugurate|usher in|introduce	v	dul:Action	propagated_from_hypernym	from oewn-00349400-v[tier1_derivation]	R1	dul:State	R1:dul:State	R1=gloss_starts_'be'	be a precursor of	The fall of the Berlin Wall ushered in the post-Cold War period	oewn-00349400-v	0	2	
oewn-00573098-v	incandesce	incandesce	v	dul:State	propagated_from_hypernym	from oewn-00109468-v[propagated_from_hypernym]	R1	dul:Achievement	R1:dul:Achievement	R1=gloss_starts_'become'	become incandescent or glow with heat	an incandescing body	oewn-00109468-v	0	2	
oewn-00577461-v	indurate	indurate	v	dul:State	propagated_from_hypernym	from oewn-00109468-v[propagated_from_hypernym]	R1	dul:Achievement	R1:dul:Achievement	R1=gloss_starts_'become'	become fixed or established	indurated customs	oewn-00109468-v	0	2	
oewn-00063328-v	inflame	inflame	v	dul:Action	propagated_from_hypernym	from oewn-00204228-v[tier2_indirect]	R1	dul:Achievement	R1:dul:Achievement	R1=gloss_starts_'become'	become inflamed; get sore	His throat inflamed	oewn-00204228-v	0	2	
oewn-00820635-v	insist	insist|take a firm stand	v	dul:Process	propagated_from_hypernym	from oewn-00630153-v[tier1_derivation]	R1	dul:State	R1:dul:State	R1=gloss_starts_'be'	be emphatic or resolute and refuse to budge	I must insist!	oewn-00630153-v	2	2	
oewn-00226992-v	intensify	intensify|deepen	v	dul:Action	propagated_from_hypernym	from oewn-00156409-v[tier1_derivation]	R1	dul:Achievement	R1:dul:Achievement	R1=gloss_starts_'become'	become more intense	The debate intensified | His dislike for raw fish only deepened in Japan	oewn-00156409-v	6	2	
oewn-02628893-v	intercommunicate	intercommunicate	v	dul:Action	propagated_from_hypernym	from oewn-02629050-v[propagated_from_hypernym]	R1	dul:State	R1:dul:State	R1=gloss_starts_'be'	be interconnected, afford passage	These rooms intercommunicate	oewn-02629050-v	1	2	
oewn-00508412-v	jellify	jellify	v	dul:State	propagated_from_hypernym	from oewn-00139943-v[propagated_from_hypernym]	R1	dul:Achievement	R1:dul:Achievement	R1=gloss_starts_'become'	become jelly	The sauce jellified	oewn-00139943-v	0	2	
oewn-00577761-v	keratinize	keratinize|keratinise	v	dul:State	propagated_from_hypernym	from oewn-00109468-v[propagated_from_hypernym]	R1	dul:Achievement	R1:dul:Achievement	R1=gloss_starts_'become'	become horny and impregnated with keratin		oewn-00109468-v	0	2	
oewn-00856977-v	kid	kid|chaff|jolly|josh|banter	v	dul:Action	propagated_from_hypernym	from oewn-00852181-v[tier1_derivation]	R1	dul:State	R1:dul:State	R1=gloss_starts_'be'	be silly or tease one another	After we relaxed, we just kidded around	oewn-00852181-v	0	2	
oewn-02203333-v	kill	kill	v	dul:Action	propagated_from_hypernym	from oewn-00064841-v[propagated_from_hypernym]	R1	dul:State	R1:dul:State	R1=gloss_starts_'be'	be the source of great pain for	These new shoes are killing me!	oewn-00064841-v	0	2	
oewn-00610056-v	know	know	v	dul:Process	propagated_from_hypernym	from oewn-00652006-v[propagated_from_hypernym]	R1	dul:State	R1:dul:State	R1=gloss_starts_'be'	be able to distinguish, recognize as being different	The child knows right from wrong	oewn-00652006-v	0	2	
oewn-00093345-v	languish	languish|fade	v	dul:Process	propagated_from_hypernym	from oewn-00092045-v[tier1_derivation]	R1	dul:Achievement	R1:dul:Achievement	R1=gloss_starts_'become'	become feeble	The prisoner has been languishing for years in the dungeon	oewn-00092045-v	0	2	
oewn-00938201-v	leak	leak|leak out	v	dul:Action	propagated_from_hypernym	from oewn-00938019-v[propagated_from_hypernym]	R1	dul:State	R1:dul:State	R1=gloss_starts_'be'	be leaked	The news leaked out despite his secrecy	oewn-00938019-v	0	2	
oewn-00360745-v	leave	leave|leave behind	v	dul:Action	propagated_from_hypernym	from oewn-00615374-v[tier1_derivation]	R1	dul:State	R1:dul:State	R1=gloss_starts_'be'	be survived by after one's death	He left six children | At her death, she left behind her husband and 11 cats	oewn-00615374-v	1	2	
oewn-00317432-v	lengthen	lengthen	v	dul:Action	propagated_from_hypernym	from oewn-00231172-v[propagated_from_hypernym]	R1	dul:Achievement	R1:dul:Achievement	R1=gloss_starts_'become'	become long or longer	In Spring, the days lengthen	oewn-00231172-v	0	2	
oewn-00357303-v	level	level|level off	v	dul:State	propagated_from_hypernym	from oewn-00356912-v[propagated_from_hypernym]	R1	dul:Achievement	R1:dul:Achievement	R1=gloss_starts_'become'	become level or even	The ground levelled off	oewn-00356912-v	0	2	
oewn-01948111-v	levitate	levitate|hover	v	dul:Action	propagated_from_hypernym	from oewn-01944262-v[propagated_from_hypernym]	R1	dul:State	R1:dul:State	R1=gloss_starts_'be'	be suspended in the air, as if in defiance of gravity	The guru claimed that he could levitate	oewn-01944262-v	0	2	
oewn-00281690-v	lighten	lighten|lighten up	v	dul:State	propagated_from_hypernym	from oewn-00109468-v[propagated_from_hypernym]	R1	dul:Achievement	R1:dul:Achievement	R1=gloss_starts_'become'	become lighter	The room lightened up	oewn-00109468-v	2	2	
oewn-00861800-v	lighten	lighten|lighten up|buoy up	v	dul:Action	propagated_from_hypernym	from oewn-00860817-v[propagated_from_hypernym]	R1	dul:Achievement	R1:dul:Achievement	R1=gloss_starts_'become'	become more cheerful	after a glass of wine, he lightened up a bit	oewn-00860817-v	0	2	
oewn-00444939-v	liquefy	liquefy|flux|liquify	v	dul:State	propagated_from_hypernym	from oewn-00139943-v[propagated_from_hypernym]	R1	dul:Achievement	R1:dul:Achievement	R1=gloss_starts_'become'	become liquid or fluid when heated	the frozen fat liquefied	oewn-00139943-v	3	2	
oewn-02763262-v	liquefy	liquefy	v	dul:State	propagated_from_hypernym	from oewn-00145958-v[propagated_from_hypernym]	R1	dul:Achievement	R1:dul:Achievement	R1=gloss_starts_'become'	become liquid	The garden air overnight liquefied into a morning dew	oewn-00145958-v	0	2	
oewn-00220201-v	lock	lock	v	dul:Action	propagated_from_hypernym	from oewn-00220541-v[tier2_indirect]	R1	dul:Achievement	R1:dul:Achievement	R1=gloss_starts_'become'	become rigid or immoveable	The therapist noticed that the patient's knees tended to lock in this exercise	oewn-00220541-v	0	2	
oewn-02134482-v	lose sight of	lose sight of	v	dul:Action	propagated_from_hypernym	from oewn-02292634-v[tier2_indirect]	R1	dul:State	R1:dul:State	R1=gloss_starts_'be'	be no longer able to see	We lost sight of the tower as we pulled out of the harbor	oewn-02292634-v	0	2	
oewn-02194923-v	louden	louden	v	dul:Action	propagated_from_hypernym	from oewn-02195552-v[propagated_from_hypernym]	R1	dul:Achievement	R1:dul:Achievement	R1=gloss_starts_'become'	become louder	The room loudened considerably	oewn-02195552-v	0	2	
oewn-01779456-v	love	love	v	dul:Action	propagated_from_hypernym	from oewn-01779085-v[propagated_from_hypernym]	R1	dul:State	R1:dul:State	R1=gloss_starts_'be'	be enamored or in love with	She loves her husband deeply	oewn-01779085-v	1	2	
oewn-00559138-v	lull	lull|calm down	v	dul:State	propagated_from_hypernym	from oewn-00462448-v[tier1_derivation]	R1	dul:Achievement	R1:dul:Achievement	R1=gloss_starts_'become'	become quiet or less intensive	the fighting lulled for a moment	oewn-00462448-v	0	2	
oewn-02772181-v	luminesce	luminesce	v	dul:Action	propagated_from_hypernym	from oewn-02771882-v[propagated_from_hypernym]	R1	dul:State	R1:dul:State	R1=gloss_starts_'be'	be or become luminescent; exhibit luminescence		oewn-02771882-v	0	2	
oewn-01207423-v	luxuriate	luxuriate|wanton	v	dul:Action	propagated_from_hypernym	from oewn-01160479-v[propagated_from_hypernym]	R1	dul:Achievement	R1:dul:Achievement	R1=gloss_starts_'become'	become extravagant; indulge (oneself) luxuriously		oewn-01160479-v	0	2	
oewn-00467928-v	lysogenize	lysogenize	v	dul:Action	propagated_from_hypernym	from oewn-00468364-v[tier1_derivation]	R1	dul:Achievement	R1:dul:Achievement	R1=gloss_starts_'become'	become integrated into the genome of (a bacterium)		oewn-00468364-v	0	2	
oewn-00399647-v	macerate	macerate	v	dul:Process	propagated_from_hypernym	from oewn-00255753-v[tier1_derivation]	R1	dul:Achievement	R1:dul:Achievement	R1=gloss_starts_'become'	become soft or separate and disintegrate as a result of excessive soaking	the tissue macerated in the water	oewn-00255753-v	0	2	
oewn-00457551-v	match	match	v	dul:Process	propagated_from_hypernym	from oewn-00150107-v[tier1_derivation]	R1	dul:State	R1:dul:State	R1=gloss_starts_'be'	be equal or harmonize	The two pieces match	oewn-00150107-v	0	2	
oewn-00579075-v	mature	mature	v	dul:State	propagated_from_hypernym	from oewn-00109468-v[propagated_from_hypernym]	R1	dul:Achievement	R1:dul:Achievement	R1=gloss_starts_'become'	become due for repayment	These bonds mature in 2005	oewn-00109468-v	0	2	
oewn-00726454-v	mind	mind	v	dul:Process	propagated_from_hypernym	from oewn-00736371-v[propagated_from_hypernym]	R1	dul:State	R1:dul:State	R1=gloss_starts_'be'	be concerned with or about something or somebody		oewn-00736371-v	1	2	
oewn-00850387-v	mind	mind	v	dul:Action	propagated_from_hypernym	from oewn-00809123-v[tier1_derivation]	R1	dul:State	R1:dul:State	R1=gloss_starts_'be'	be offended or bothered by; take offense with, be bothered by	I don't mind your behavior	oewn-00809123-v	1	2	
oewn-00362148-v	mist	mist|mist over	v	dul:Action	propagated_from_hypernym	from oewn-01210571-v[propagated_from_hypernym]	R1	dul:Achievement	R1:dul:Achievement	R1=gloss_starts_'become'	become covered with mist	The windshield misted over	oewn-01210571-v	0	2	
oewn-00411945-v	modernize	modernize|modernise|develop	v	dul:State	propagated_from_hypernym	from oewn-00109468-v[propagated_from_hypernym]	R1	dul:Achievement	R1:dul:Achievement	R1=gloss_starts_'become'	become technologically advanced	Many countries in Asia are now developing at a very fast pace | Viet Nam is modernizing rapidly	oewn-00109468-v	0	2	
oewn-01809214-v	mope	mope|moon around|moon about	v	dul:Action	propagated_from_hypernym	from oewn-01775456-v[propagated_from_hypernym]	R1	dul:State	R1:dul:State	R1=gloss_starts_'be'	be apathetic, gloomy, or dazed		oewn-01775456-v	0	2	
oewn-02614039-v	neighbor	neighbor|neighbour	v	dul:Action	propagated_from_hypernym	from oewn-01469607-v[propagated_from_hypernym]	R1	dul:State	R1:dul:State	R1=gloss_starts_'be'	be located near or adjacent to	Pakistan neighbors India	oewn-01469607-v	0	2	
oewn-00847897-v	nitpick	nitpick	v	dul:Action	propagated_from_hypernym	from oewn-00828170-v[propagated_from_hypernym]	R1	dul:State	R1:dul:State	R1=gloss_starts_'be'	be overly critical; criticize minor details		oewn-00828170-v	0	2	
oewn-00016566-v	nod	nod	v	dul:Action	propagated_from_hypernym	from oewn-00016373-v[propagated_from_hypernym]	R1	dul:State	R1:dul:State	R1=gloss_starts_'be'	be almost asleep	The old man sat nodding by the fireplace	oewn-00016373-v	0	2	
oewn-00469496-v	normalize	normalize|normalise	v	dul:State	propagated_from_hypernym	from oewn-00109468-v[propagated_from_hypernym]	R1	dul:Achievement	R1:dul:Achievement	R1=gloss_starts_'become'	become normal or return to its normal state	Let us hope that relations with this country will normalize soon	oewn-00109468-v	0	2	
oewn-01835085-v	obsess	obsess	v	dul:Action	propagated_from_hypernym	from oewn-01771015-v[propagated_from_hypernym]	R1	dul:State	R1:dul:State	R1=gloss_starts_'be'	be preoccupied with something	She is obsessing over her weight	oewn-01771015-v	0	2	
oewn-02154041-v	occult	occult	v	dul:State	propagated_from_hypernym	from oewn-00109468-v[propagated_from_hypernym]	R1	dul:Achievement	R1:dul:Achievement	R1=gloss_starts_'become'	become concealed or hidden from view or have its light extinguished	The beam of light occults every so often	oewn-00109468-v	0	2	
oewn-00777876-v	oppose	oppose	v	dul:Action	propagated_from_hypernym	from oewn-00775477-v[propagated_from_hypernym]	R1	dul:State	R1:dul:State	R1=gloss_starts_'be'	be against; express opposition to	We oppose the ban on abortion	oewn-00775477-v	1	2	
oewn-00778104-v	oppose	oppose|controvert|contradict	v	dul:Action	propagated_from_hypernym	from oewn-00816512-v[propagated_from_hypernym]	R1	dul:State	R1:dul:State	R1=gloss_starts_'be'	be resistant to	The board opposed his motion	oewn-00816512-v	2	2	
oewn-02758306-v	osculate	osculate	v	dul:Action	propagated_from_hypernym	from oewn-02628315-v[tier1_derivation]	R1	dul:State	R1:dul:State	R1=gloss_starts_'be'	be intermediate between two taxonomic groups	These species osculate	oewn-02628315-v	0	2	
oewn-00268135-v	ossify	ossify	v	dul:State	propagated_from_hypernym	from oewn-00145958-v[propagated_from_hypernym]	R1	dul:Achievement	R1:dul:Achievement	R1=gloss_starts_'become'	become bony	The tissue ossified	oewn-00145958-v	0	2	
oewn-00937173-v	out	out|come out	v	dul:Action	propagated_from_hypernym	from oewn-00427534-v[tier1_derivation]	R1	dul:State	R1:dul:State	R1=gloss_starts_'be'	be made known; be disclosed or revealed	The truth will out	oewn-00427534-v	0	2	
oewn-01125056-v	outrival	outrival|outvie	v	dul:Action	propagated_from_hypernym	from oewn-01124620-v[tier1_derivation]	R1	dul:State	R1:dul:State	R1=gloss_starts_'be'	be more of a rival than		oewn-01124620-v	0	2	
oewn-02776978-v	overcloud	overcloud|cloud over|cloud up	v	dul:State	propagated_from_hypernym	from oewn-00313162-v[propagated_from_hypernym]	R1	dul:Achievement	R1:dul:Achievement	R1=gloss_starts_'become'	become covered with clouds	The sky clouded over	oewn-00313162-v	0	2	
oewn-00233215-v	overgrow	overgrow	v	dul:State	propagated_from_hypernym	from oewn-00145958-v[propagated_from_hypernym]	R1	dul:Achievement	R1:dul:Achievement	R1=gloss_starts_'become'	become overgrown	The patio overgrew with ivy	oewn-00145958-v	0	2	
oewn-01491476-v	overload	overload	v	dul:State	propagated_from_hypernym	from oewn-00122978-v[propagated_from_hypernym]	R1	dul:Achievement	R1:dul:Achievement	R1=gloss_starts_'become'	become overloaded	The aerator overloaded	oewn-00122978-v	0	2	
oewn-02750155-v	overshadow	overshadow|dominate|eclipse	v	dul:Process	propagated_from_hypernym	from oewn-02749936-v[propagated_from_hypernym]	R1	dul:State	R1:dul:State	R1=gloss_starts_'be'	be greater in significance than	the tragedy overshadowed the couple's happiness	oewn-02749936-v	0	2	
oewn-00438931-v	overspecialize	overspecialize|overspecialise	v	dul:Action	propagated_from_hypernym	from oewn-00438402-v[tier2_indirect]	R1	dul:Achievement	R1:dul:Achievement	R1=gloss_starts_'become'	become overly specialized	She overspecialized when she concentrated on verbs in Fijian	oewn-00438402-v	0	2	
oewn-02737689-v	owe	owe	v	dul:Action	propagated_from_hypernym	from oewn-02669721-v[propagated_from_hypernym]	R1	dul:State	R1:dul:State	R1=gloss_starts_'be'	be indebted to, in an abstract or intellectual sense	This new theory owes much to Einstein's Relativity Theory	oewn-02669721-v	0	2	
oewn-00539279-v	pall	pall|dull	v	dul:State	propagated_from_hypernym	from oewn-00109468-v[propagated_from_hypernym]	R1	dul:Achievement	R1:dul:Achievement	R1=gloss_starts_'become'	become less interesting or attractive		oewn-00109468-v	0	2	
oewn-01786037-v	panic	panic	v	dul:Action	propagated_from_hypernym	from oewn-01784021-v[propagated_from_hypernym]	R1	dul:State	R1:dul:State	R1=gloss_starts_'be'	be overcome by a sudden fear	The students panicked when told that final exams were less than a week away	oewn-01784021-v	1	2	
oewn-02455282-v	partake in	partake in	v	dul:Action	propagated_from_hypernym	from oewn-02455121-v[tier1_derivation]	R1	dul:State	R1:dul:State	R1=gloss_starts_'be'	be active in		oewn-02455121-v	0	2	
oewn-00910574-v	patronize	patronize|patronise|patronage|support|keep going	v	dul:Action	propagated_from_hypernym	from oewn-00910304-v[propagated_from_hypernym]	R1	dul:State	R1:dul:State	R1=gloss_starts_'be'	be a regular customer or client of	We patronize this store | Our sponsor kept our art studio going for as long as he could	oewn-00910304-v	0	2	
oewn-00570818-v	plasticize	plasticize|plasticise	v	dul:State	propagated_from_hypernym	from oewn-00109468-v[propagated_from_hypernym]	R1	dul:Achievement	R1:dul:Achievement	R1=gloss_starts_'become'	become plastic, as by having a plasticizer added		oewn-00109468-v	0	2	
oewn-00573865-v	play out	play out	v	dul:State	propagated_from_hypernym	from oewn-00109468-v[propagated_from_hypernym]	R1	dul:Achievement	R1:dul:Achievement	R1=gloss_starts_'become'	become spent or exhausted	The champion's strength played out fast	oewn-00109468-v	0	2	
oewn-01828900-v	please	please	v	dul:Action	propagated_from_hypernym	from oewn-01828678-v[propagated_from_hypernym]	R1	dul:State	R1:dul:State	R1=gloss_starts_'be'	be the will of or have the will (to)	he could do many things if he pleased	oewn-01828678-v	0	2	
oewn-01947430-v	poise	poise	v	dul:Action	propagated_from_hypernym	from oewn-01947307-v[propagated_from_hypernym]	R1	dul:State	R1:dul:State	R1=gloss_starts_'be'	be motionless, in suspension	The bird poised for a few moments before it attacked	oewn-01947307-v	0	2	
oewn-00488118-v	polarize	polarize|polarise	v	dul:State	propagated_from_hypernym	from oewn-01560556-v[propagated_from_hypernym]	R1	dul:Achievement	R1:dul:Achievement	R1=gloss_starts_'become'	become polarized in a conflict or contrasting situation		oewn-01560556-v	0	2	
oewn-00333255-v	powderize	powderize|pulverize|pulverise|powderise	v	dul:Action	propagated_from_hypernym	from oewn-00398482-v[tier2_indirect]	R1	dul:Achievement	R1:dul:Achievement	R1=gloss_starts_'become'	become powder or dust	When it was blown up, the building powderized	oewn-00398482-v	0	2	
oewn-01776419-v	pride	pride|plume|congratulate	v	dul:Action	propagated_from_hypernym	from oewn-01775456-v[propagated_from_hypernym]	R1	dul:State	R1:dul:State	R1=gloss_starts_'be'	be proud of	He prides himself on making it into law school	oewn-01775456-v	0	2	
oewn-00584600-v	professionalize	professionalize|professionalise	v	dul:State	propagated_from_hypernym	from oewn-00109468-v[propagated_from_hypernym]	R1	dul:Achievement	R1:dul:Achievement	R1=gloss_starts_'become'	become professional or proceed in a professional manner or in an activity for pay or as a means of livelihood		oewn-00109468-v	0	2	
oewn-00786536-v	pry	pry	v	dul:Action	propagated_from_hypernym	from oewn-00899241-v[propagated_from_hypernym]	R1	dul:State	R1:dul:State	R1=gloss_starts_'be'	be nosey	Don't pry into my personal matters!	oewn-00899241-v	0	2	
oewn-01281618-v	pucker	pucker|ruck|ruck up	v	dul:Action	propagated_from_hypernym	from oewn-01280991-v[propagated_from_hypernym]	R1	dul:Achievement	R1:dul:Achievement	R1=gloss_starts_'become'	become wrinkled or drawn together	her lips puckered	oewn-01280991-v	0	2	
oewn-00247816-v	pullulate	pullulate	v	dul:Action	propagated_from_hypernym	from oewn-00156409-v[tier1_derivation]	R1	dul:Achievement	R1:dul:Achievement	R1=gloss_starts_'become'	become abundant; increase rapidly		oewn-00156409-v	0	2	
oewn-00290059-v	purple	purple	v	dul:Action	propagated_from_hypernym	from oewn-00281861-v[tier1_derivation]	R1	dul:Achievement	R1:dul:Achievement	R1=gloss_starts_'become'	become purple		oewn-00281861-v	0	2	
oewn-01835250-v	puzzle	puzzle	v	dul:Process	propagated_from_hypernym	from oewn-00632042-v[propagated_from_hypernym]	R1	dul:State	R1:dul:State	R1=gloss_starts_'be'	be uncertain about; think about without fully understanding or being able to decide	We puzzled over her sudden departure	oewn-00632042-v	0	2	
oewn-01974005-v	queen	queen	v	dul:State	propagated_from_hypernym	from oewn-01082916-v[propagated_from_hypernym]	R1	dul:Achievement	R1:dul:Achievement	R1=gloss_starts_'become'	become a queen	her pawn queened	oewn-01082916-v	0	2	
oewn-02194634-v	quieten	quieten|hush|quiet|quiesce|quiet down|pipe down	v	dul:Action	propagated_from_hypernym	from oewn-02195552-v[propagated_from_hypernym]	R1	dul:Achievement	R1:dul:Achievement	R1=gloss_starts_'become'	become quiet or quieter	The audience fell silent when the speaker entered	oewn-02195552-v	0	2	
oewn-02147597-v	ramp	ramp	v	dul:Action	propagated_from_hypernym	from oewn-02147248-v[propagated_from_hypernym]	R1	dul:State	R1:dul:State	R1=gloss_starts_'be'	be rampant	the lion is rampant in this heraldic depiction	oewn-02147248-v	0	2	
oewn-00745330-v	reach	reach|get through|get hold of|contact	v	dul:Action	propagated_from_hypernym	from oewn-00742582-v[tier1_derivation]	R1	dul:State	R1:dul:State	R1=gloss_starts_'be'	be in or establish communication with	Our advertisements reach millions | He never contacted his children after he emigrated to Australia	oewn-00742582-v	3	2	
oewn-02129097-v	reach one's nostrils	reach one's nostrils	v	dul:Action	propagated_from_hypernym	from oewn-02128137-v[tier1_derivation]	R1	dul:State	R1:dul:State	R1=gloss_starts_'be'	be smelled; have a strong odor		oewn-02128137-v	0	2	
oewn-02110264-v	record	record|register	v	dul:Action	propagated_from_hypernym	from oewn-02122959-v[tier1_derivation]	R1	dul:State	R1:dul:State	R1=gloss_starts_'be'	be aware of	Did you register any change when I pressed the button?	oewn-02122959-v	0	2	
oewn-00068398-v	reek	reek|fume	v	dul:Process	propagated_from_hypernym	from oewn-00067770-v[tier1_derivation]	R1	dul:State	R1:dul:State	R1=gloss_starts_'be'	be wet with sweat or blood, as of one's face		oewn-00067770-v	0	2	
oewn-00257169-v	reflate	reflate	v	dul:Action	propagated_from_hypernym	from oewn-00257003-v[tier1_derivation]	R1	dul:Achievement	R1:dul:Achievement	R1=gloss_starts_'become'	become inflated again		oewn-00257003-v	0	2	
oewn-02771882-v	reflect	reflect|shine	v	dul:Action	propagated_from_hypernym	from oewn-02773266-v[tier1_derivation]	R1	dul:State	R1:dul:State	R1=gloss_starts_'be'	be bright by reflecting or casting light	Drive carefully — the wet road reflects	oewn-02773266-v	5	2	
oewn-02704568-v	reincarnate	reincarnate|transmigrate	v	dul:Process	propagated_from_hypernym	from oewn-00361585-v[tier1_derivation]	R1	dul:State	R1:dul:State	R1=gloss_starts_'be'	be born anew in another body after death	Hindus believe that we transmigrate	oewn-00361585-v	0	2	
oewn-00097535-v	rejuvenate	rejuvenate	v	dul:State	propagated_from_hypernym	from oewn-00097695-v[propagated_from_hypernym]	R1	dul:Achievement	R1:dul:Achievement	R1=gloss_starts_'become'	become young again	The old man rejuvenated when he became a grandfather	oewn-00097695-v	0	2	
oewn-00026378-v	relax	relax|loosen up|unbend|unwind|decompress|slow down	v	dul:State	propagated_from_hypernym	from oewn-00145958-v[propagated_from_hypernym]	R1	dul:Achievement	R1:dul:Achievement	R1=gloss_starts_'become'	become less tense, rest, or take one's ease	He relaxed in the hot tub | Let's all relax after a hard day's work	oewn-00145958-v	3	2	
oewn-02608209-v	relax	relax|loosen up	v	dul:State	propagated_from_hypernym	from oewn-00010428-v[propagated_from_hypernym]	R1	dul:Achievement	R1:dul:Achievement	R1=gloss_starts_'become'	become less tense, less formal, or less restrained, and assume a friendlier manner	our new colleague relaxed when he saw that we were a friendly group	oewn-00010428-v	0	2	
oewn-01812736-v	repel	repel|repulse	v	dul:Action	propagated_from_hypernym	from oewn-01821097-v[tier2_indirect]	R1	dul:State	R1:dul:State	R1=gloss_starts_'be'	be repellent to; cause aversion in		oewn-01821097-v	2	2	
oewn-02547618-v	represent	represent	v	dul:Action	propagated_from_hypernym	from oewn-00833312-v[propagated_from_hypernym]	R1	dul:State	R1:dul:State	R1=gloss_starts_'be'	be representative or typical for	This period is represented by Beethoven	oewn-00833312-v	2	2	
oewn-00593432-v	resonate	resonate|come across	v	dul:Action	propagated_from_hypernym	from oewn-00744289-v[tier1_derivation]	R1	dul:State	R1:dul:State	R1=gloss_starts_'be'	be received or understood		oewn-00744289-v	1	2	
oewn-02739328-v	resplend	resplend	v	dul:Action	propagated_from_hypernym	from oewn-02771882-v[propagated_from_hypernym]	R1	dul:State	R1:dul:State	R1=gloss_starts_'be'	be resplendent or radiant; to shine brightly	The Queen's garments resplended in velvet and jewels	oewn-02771882-v	0	2	
oewn-02734445-v	retail	retail	v	dul:Action	propagated_from_hypernym	from oewn-02733758-v[tier1_derivation]	R1	dul:State	R1:dul:State	R1=gloss_starts_'be'	be sold at the retail level	These gems retail at thousands of dollars each	oewn-02733758-v	0	2	
oewn-00169106-v	revive	revive	v	dul:Action	propagated_from_hypernym	from oewn-00311168-v[propagated_from_hypernym]	R1	dul:State	R1:dul:State	R1=gloss_starts_'be'	be brought back to life, consciousness, or strength	Interest in ESP revived	oewn-00311168-v	0	2	
oewn-02756029-v	ride	ride	v	dul:Action	propagated_from_hypernym	from oewn-01842593-v[propagated_from_hypernym]	R1	dul:State	R1:dul:State	R1=gloss_starts_'be'	be sustained or supported or borne	His glasses rode high on his nose | The child rode on his mother's hips | She rode a wave of popularity | The brothers rode to an easy victory on their father's political name	oewn-01842593-v	0	2	
oewn-01822083-v	rise	rise	v	dul:State	propagated_from_hypernym	from oewn-00122978-v[propagated_from_hypernym]	R1	dul:Achievement	R1:dul:Achievement	R1=gloss_starts_'become'	become heartened or elated	Her spirits rose when she heard the good news	oewn-00122978-v	0	2	
oewn-00046099-v	round	round|flesh out|fill out	v	dul:State	propagated_from_hypernym	from oewn-00045868-v[propagated_from_hypernym]	R1	dul:Achievement	R1:dul:Achievement	R1=gloss_starts_'become'	become round, plump, or shapely	The young woman is fleshing out	oewn-00045868-v	0	2	
oewn-00565934-v	rumple	rumple|crumple|wrinkle|crease|crinkle	v	dul:Action	propagated_from_hypernym	from oewn-00565772-v[tier1_derivation]	R1	dul:Achievement	R1:dul:Achievement	R1=gloss_starts_'become'	become wrinkled or crumpled or creased	This fabric won't wrinkle	oewn-00565772-v	0	2	
oewn-00333482-v	run	run|unravel	v	dul:Action	propagated_from_hypernym	from oewn-00398482-v[tier2_indirect]	R1	dul:Achievement	R1:dul:Achievement	R1=gloss_starts_'become'	become undone	the sweater unraveled	oewn-00398482-v	0	2	
oewn-02064720-v	run	run|bleed	v	dul:Action	propagated_from_hypernym	from oewn-02064069-v[tier1_derivation]	R1	dul:State	R1:dul:State	R1=gloss_starts_'be'	be diffused	These dyes and colors are guaranteed not to run	oewn-02064069-v	1	2	
oewn-02726779-v	run	run	v	dul:Action	propagated_from_hypernym	from oewn-02726906-v[tier1_derivation]	R1	dul:State	R1:dul:State	R1=gloss_starts_'be'	be affected by; be subjected to	run a temperature | run a risk	oewn-02726906-v	0	2	
oewn-02777714-v	run dry	run dry|dry out	v	dul:State	propagated_from_hypernym	from oewn-00219829-v[propagated_from_hypernym]	R1	dul:Achievement	R1:dul:Achievement	R1=gloss_starts_'become'	become empty of water	The river runs dry in the summer	oewn-00219829-v	0	2	
oewn-00562648-v	run out	run out	v	dul:Action	propagated_from_hypernym	from oewn-02615799-v[tier1_derivation]	R1	dul:Achievement	R1:dul:Achievement	R1=gloss_starts_'become'	become used up; be exhausted	Our supplies finally ran out	oewn-02615799-v	0	2	
oewn-00240500-v	rust	rust	v	dul:Process	propagated_from_hypernym	from oewn-00240207-v[tier1_derivation]	R1	dul:Achievement	R1:dul:Achievement	R1=gloss_starts_'become'	become coated with oxide		oewn-00240207-v	0	2	
oewn-02730580-v	rut	rut	v	dul:Action	propagated_from_hypernym	from oewn-01775456-v[propagated_from_hypernym]	R1	dul:State	R1:dul:State	R1=gloss_starts_'be'	be in a state of sexual excitement; of male mammals		oewn-01775456-v	0	2	
oewn-01831367-v	salivate	salivate|drool	v	dul:Action	propagated_from_hypernym	from oewn-01831174-v[propagated_from_hypernym]	R1	dul:State	R1:dul:State	R1=gloss_starts_'be'	be envious, desirous, eager for, or extremely happy about something	She was salivating over the raise she anticipated	oewn-01831174-v	0	2	
oewn-02128966-v	salute	salute	v	dul:Action	propagated_from_hypernym	from oewn-02128797-v[propagated_from_hypernym]	R1	dul:Achievement	R1:dul:Achievement	R1=gloss_starts_'become'	become noticeable	a terrible stench saluted our nostrils	oewn-02128797-v	0	2	
oewn-00539932-v	saponify	saponify	v	dul:State	propagated_from_hypernym	from oewn-00109468-v[propagated_from_hypernym]	R1	dul:Achievement	R1:dul:Achievement	R1=gloss_starts_'become'	become converted into soap by being hydrolized into an acid and alcohol as a result of being treated with an alkali	the oil saponified	oewn-00109468-v	0	2	
oewn-00220023-v	scorch	scorch	v	dul:State	propagated_from_hypernym	from oewn-00219829-v[propagated_from_hypernym]	R1	dul:Achievement	R1:dul:Achievement	R1=gloss_starts_'become'	become scorched or singed under intense heat or dry conditions	The exposed tree scorched in the hot sun	oewn-00219829-v	0	2	
oewn-00583820-v	scorch	scorch|sear|singe	v	dul:State	propagated_from_hypernym	from oewn-00377673-v[propagated_from_hypernym]	R1	dul:Achievement	R1:dul:Achievement	R1=gloss_starts_'become'	become superficially burned	my eyebrows singed when I bent over the flames	oewn-00377673-v	0	2	
oewn-01771464-v	seethe	seethe|boil	v	dul:Action	propagated_from_hypernym	from oewn-01775456-v[propagated_from_hypernym]	R1	dul:State	R1:dul:State	R1=gloss_starts_'be'	be in an agitated emotional state	The customer was seething with anger	oewn-01775456-v	3	2	
oewn-02546948-v	service	service|serve	v	dul:Action	propagated_from_hypernym	from oewn-01528454-v[propagated_from_hypernym]	R1	dul:State	R1:dul:State	R1=gloss_starts_'be'	be used by; as of a utility	The sewage plant served the neighboring communities | The garage served to shelter his horses	oewn-01528454-v	0	2	
oewn-00416668-v	set in	set in	v	dul:Action	propagated_from_hypernym	from oewn-02614382-v[tier1_derivation]	R1	dul:Achievement	R1:dul:Achievement	R1=gloss_starts_'become'	become established	winter has set in	oewn-02614382-v	0	2	
oewn-00416323-v	settle	settle|root|take root|steady down|settle down	v	dul:Action	propagated_from_hypernym	from oewn-00272745-v[tier1_derivation]	R1	dul:Achievement	R1:dul:Achievement	R1=gloss_starts_'become'	become settled or established and stable in one's residence or life style	He finally settled down	oewn-00272745-v	1	2	
oewn-00559750-v	settle	settle	v	dul:State	propagated_from_hypernym	from oewn-00149403-v[propagated_from_hypernym]	R1	dul:Achievement	R1:dul:Achievement	R1=gloss_starts_'become'	become resolved, fixed, established, or quiet	The roar settled to a thunder | The wind settled in the West | it is settling to rain | A cough settled in her chest | Her mood settled into lethargy	oewn-00149403-v	0	2	
oewn-01990729-v	settle	settle	v	dul:State	propagated_from_hypernym	from oewn-00109468-v[propagated_from_hypernym]	R1	dul:Achievement	R1:dul:Achievement	R1=gloss_starts_'become'	become clear by the sinking of particles	the liquid gradually settled	oewn-00109468-v	0	2	
oewn-00537068-v	shallow	shallow|shoal	v	dul:State	propagated_from_hypernym	from oewn-00109468-v[propagated_from_hypernym]	R1	dul:Achievement	R1:dul:Achievement	R1=gloss_starts_'become'	become shallow	the lake shallowed over time	oewn-00109468-v	0	2	
oewn-00393016-v	sharpen	sharpen	v	dul:Action	propagated_from_hypernym	from oewn-00226992-v[propagated_from_hypernym]	R1	dul:Achievement	R1:dul:Achievement	R1=gloss_starts_'become'	become sharp or sharper	The debate sharpened	oewn-00226992-v	0	2	
oewn-02712246-v	shillyshally	shillyshally	v	dul:Process	propagated_from_hypernym	from oewn-02711906-v[tier1_derivation]	R1	dul:State	R1:dul:State	R1=gloss_starts_'be'	be uncertain and vague		oewn-02711906-v	0	2	
oewn-02662054-v	shine	shine	v	dul:Action	propagated_from_hypernym	from oewn-00941308-v[tier1_derivation]	R1	dul:State	R1:dul:State	R1=gloss_starts_'be'	be clear and obvious	A shining example	oewn-00941308-v	0	2	
oewn-00317295-v	shorten	shorten	v	dul:Action	propagated_from_hypernym	from oewn-00151509-v[tier1_derivation]	R1	dul:Achievement	R1:dul:Achievement	R1=gloss_starts_'become'	become short or shorter	In winter, the days shorten	oewn-00151509-v	0	2	
oewn-02144017-v	show	show|show up	v	dul:Event	propagated_from_hypernym	from oewn-00423043-v[tier1_derivation]	R1	dul:State	R1:dul:State	R1=gloss_starts_'be'	be or become visible or noticeable	His good upbringing really shows | The dirty side will show	oewn-00423043-v	1	2	
oewn-00890750-v	sign	sign	v	dul:Action	propagated_from_hypernym	from oewn-00890307-v[propagated_from_hypernym]	R1	dul:State	R1:dul:State	R1=gloss_starts_'be'	be engaged by a written agreement	He signed to play the casino on Dec. 18 | The soprano signed to sing the new opera	oewn-00890307-v	7	2	
oewn-01482175-v	silt up	silt up|silt	v	dul:Action	propagated_from_hypernym	from oewn-01481233-v[propagated_from_hypernym]	R1	dul:Achievement	R1:dul:Achievement	R1=gloss_starts_'become'	become chocked with silt	The river silted up	oewn-01481233-v	0	2	
oewn-02028720-v	sit	sit	v	dul:Action	propagated_from_hypernym	from oewn-02028354-v[tier1_derivation]	R1	dul:State	R1:dul:State	R1=gloss_starts_'be'	be in session	When does the court of law sit?	oewn-02028354-v	0	2	
oewn-02379190-v	sit by	sit by|sit back	v	dul:Action	propagated_from_hypernym	from oewn-02133118-v[tier1_derivation]	R1	dul:State	R1:dul:State	R1=gloss_starts_'be'	be inactive or indifferent while something is happening	Don't just sit by while your rights are violated!	oewn-02133118-v	0	2	
oewn-00422361-v	slacken	slacken	v	dul:Action	propagated_from_hypernym	from oewn-00223926-v[propagated_from_hypernym]	R1	dul:Achievement	R1:dul:Achievement	R1=gloss_starts_'become'	become looser or slack	the rope slackened	oewn-00223926-v	0	2	
oewn-00590864-v	smell	smell|smell out|sense	v	dul:Process	propagated_from_hypernym	from oewn-00592914-v[tier1_derivation]	R1	dul:Achievement	R1:dul:Achievement	R1=gloss_starts_'become'	become aware of not through the senses but instinctively	I sense his hostility | I smell trouble | smell out corruption	oewn-00592914-v	0	2	
oewn-00548301-v	smoothen	smoothen	v	dul:State	propagated_from_hypernym	from oewn-00109468-v[propagated_from_hypernym]	R1	dul:Achievement	R1:dul:Achievement	R1=gloss_starts_'become'	become smooth		oewn-00109468-v	0	2	
oewn-00210907-v	smut	smut	v	dul:Process	propagated_from_hypernym	from oewn-00211164-v[tier1_derivation]	R1	dul:Achievement	R1:dul:Achievement	R1=gloss_starts_'become'	become affected with smut	the corn smutted and could not be eaten	oewn-00211164-v	0	2	
oewn-00148938-v	sober up	sober up|sober	v	dul:State	propagated_from_hypernym	from oewn-00149403-v[propagated_from_hypernym]	R1	dul:Achievement	R1:dul:Achievement	R1=gloss_starts_'become'	become sober after excessive alcohol consumption	Keep him in bed until he sobers up	oewn-00149403-v	0	2	
oewn-00149116-v	sober up	sober up|sober	v	dul:State	propagated_from_hypernym	from oewn-00149403-v[propagated_from_hypernym]	R1	dul:Achievement	R1:dul:Achievement	R1=gloss_starts_'become'	become more realistic	After thinking about the potential consequences of his plan, he sobered up	oewn-00149403-v	0	2	
oewn-02118539-v	solarize	solarize|solarise	v	dul:State	propagated_from_hypernym	from oewn-00109468-v[propagated_from_hypernym]	R1	dul:Achievement	R1:dul:Achievement	R1=gloss_starts_'become'	become overexposed	The film solarized	oewn-00109468-v	0	2	
oewn-01608613-v	sop	sop|soak through	v	dul:Action	propagated_from_hypernym	from oewn-01608458-v[propagated_from_hypernym]	R1	dul:State	R1:dul:State	R1=gloss_starts_'be'	be or become thoroughly soaked or saturated with a liquid		oewn-01608458-v	0	2	
oewn-01192810-v	souse	souse|soak|inebriate|hit it up	v	dul:Action	propagated_from_hypernym	from oewn-01173463-v[tier1_derivation]	R1	dul:Achievement	R1:dul:Achievement	R1=gloss_starts_'become'	become drunk or drink excessively		oewn-01173463-v	0	2	
oewn-01541573-v	spat	spat	v	dul:Action	propagated_from_hypernym	from oewn-01293025-v[propagated_from_hypernym]	R1	dul:Achievement	R1:dul:Achievement	R1=gloss_starts_'become'	become permanently attached	mollusks or oysters spat	oewn-01293025-v	0	2	
oewn-02547838-v	speak for	speak for	v	dul:Action	propagated_from_hypernym	from oewn-02547618-v[propagated_from_hypernym]	R1	dul:State	R1:dul:State	R1=gloss_starts_'be'	be a spokesperson for	He speaks for the Government's position	oewn-02547618-v	0	2	
oewn-02445473-v	spearhead	spearhead	v	dul:Action	propagated_from_hypernym	from oewn-02445109-v[propagated_from_hypernym]	R1	dul:State	R1:dul:State	R1=gloss_starts_'be'	be the leader of	She spearheaded the effort to find a cure for the disease	oewn-02445109-v	0	2	
oewn-01023982-v	specify	specify|particularize|particularise|specialize|specialise	v	dul:Action	propagated_from_hypernym	from oewn-00957633-v[tier2_indirect]	R1	dul:State	R1:dul:State	R1=gloss_starts_'be'	be specific about	Could you please specify your criticism of my paper?	oewn-00957633-v	1	2	
oewn-02156130-v	spectate	spectate	v	dul:Action	propagated_from_hypernym	from oewn-02155378-v[tier1_derivation]	R1	dul:State	R1:dul:State	R1=gloss_starts_'be'	be a spectator in a sports event		oewn-02155378-v	0	2	
oewn-02146886-v	splurge	splurge	v	dul:Action	propagated_from_hypernym	from oewn-02146446-v[tier1_derivation]	R1	dul:State	R1:dul:State	R1=gloss_starts_'be'	be showy or ostentatious		oewn-02146446-v	0	2	
oewn-00511039-v	spot	spot	v	dul:State	propagated_from_hypernym	from oewn-00109468-v[propagated_from_hypernym]	R1	dul:Achievement	R1:dul:Achievement	R1=gloss_starts_'become'	become spotted	This dress spots quickly	oewn-00109468-v	2	2	
oewn-01376509-v	spray	spray	v	dul:Action	propagated_from_hypernym	from oewn-01378910-v[tier1_derivation]	R1	dul:State	R1:dul:State	R1=gloss_starts_'be'	be discharged in sprays of liquid	Water sprayed all over the floor	oewn-01378910-v	0	2	
oewn-01382787-v	spread	spread|propagate	v	dul:State	propagated_from_hypernym	from oewn-01835473-v[propagated_from_hypernym]	R1	dul:Achievement	R1:dul:Achievement	R1=gloss_starts_'become'	become distributed or widespread	the infection spread | Optimism spread among the population	oewn-01835473-v	1	2	
oewn-02172514-v	squint	squint	v	dul:Action	propagated_from_hypernym	from oewn-02134989-v[tier1_derivation]	R1	dul:State	R1:dul:State	R1=gloss_starts_'be'	be cross-eyed; have a squint or strabismus		oewn-02134989-v	0	2	
oewn-01430836-v	stand	stand	v	dul:Action	propagated_from_hypernym	from oewn-01430644-v[tier1_derivation]	R1	dul:State	R1:dul:State	R1=gloss_starts_'be'	be available for stud services	Stallions are standing for stud service on the designated farm	oewn-01430644-v	0	2	
oewn-02644528-v	stand by	stand by|stick around|stick about	v	dul:Action	propagated_from_hypernym	from oewn-02644022-v[tier1_derivation]	R1	dul:State	R1:dul:State	R1=gloss_starts_'be'	be available or ready for a certain function or service		oewn-02644022-v	0	2	
oewn-01119398-v	stand out	stand out	v	dul:Action	propagated_from_hypernym	from oewn-01119003-v[tier2_indirect]	R1	dul:State	R1:dul:State	R1=gloss_starts_'be'	be stubborn in resolution or resistance		oewn-01119003-v	0	2	
oewn-01724857-v	star	star	v	dul:Action	propagated_from_hypernym	from oewn-01716563-v[tier1_derivation]	R1	dul:State	R1:dul:State	R1=gloss_starts_'be'	be the star in a performance		oewn-01716563-v	1	2	
oewn-01190677-v	starve	starve|hunger|famish	v	dul:Action	propagated_from_hypernym	from oewn-00064841-v[propagated_from_hypernym]	R1	dul:State	R1:dul:State	R1=gloss_starts_'be'	be hungry; go without food	Let's eat — I'm starving!	oewn-00064841-v	0	2	
oewn-00537887-v	steepen	steepen	v	dul:State	propagated_from_hypernym	from oewn-00109468-v[propagated_from_hypernym]	R1	dul:Achievement	R1:dul:Achievement	R1=gloss_starts_'become'	become steeper	The mountain side has steepened	oewn-00109468-v	0	2	
oewn-02711692-v	straddle	straddle	v	dul:Action	propagated_from_hypernym	from oewn-00633399-v[propagated_from_hypernym]	R1	dul:State	R1:dul:State	R1=gloss_starts_'be'	be noncommittal		oewn-00633399-v	0	2	
oewn-01575559-v	strain	strain|tense	v	dul:State	propagated_from_hypernym	from oewn-00420903-v[propagated_from_hypernym]	R1	dul:Achievement	R1:dul:Achievement	R1=gloss_starts_'become'	become stretched or tense or taut	the bodybuilder's neck muscles tensed | the rope strained when the weight was attached	oewn-00420903-v	0	2	
oewn-00305609-v	strangulate	strangulate	v	dul:State	propagated_from_hypernym	from oewn-00305203-v[propagated_from_hypernym]	R1	dul:Achievement	R1:dul:Achievement	R1=gloss_starts_'become'	become constricted	The hernia will strangulate	oewn-00305203-v	0	2	
oewn-01785339-v	strong-arm	strong-arm|bully|browbeat|bullyrag|ballyrag|boss around|hector|push around	v	dul:Action	propagated_from_hypernym	from oewn-01784999-v[tier1_derivation]	R1	dul:State	R1:dul:State	R1=gloss_starts_'be'	be bossy towards	Her big brother always bullied her when she was young	oewn-01784999-v	1	2	
oewn-02554285-v	subserve	subserve	v	dul:Action	propagated_from_hypernym	from oewn-02553283-v[tier1_derivation]	R1	dul:State	R1:dul:State	R1=gloss_starts_'be'	be helpful or useful		oewn-02553283-v	0	2	
oewn-02263424-v	substitute	substitute|sub|stand in|fill in	v	dul:Action	propagated_from_hypernym	from oewn-02262178-v[tier1_derivation]	R1	dul:State	R1:dul:State	R1=gloss_starts_'be'	be a substitute	The young teacher had to substitute for the sick colleague | The skim milk substitutes for cream — we are on a strict diet	oewn-02262178-v	0	2	
oewn-02699684-v	subtend	subtend|delimit	v	dul:Action	propagated_from_hypernym	from oewn-02672590-v[propagated_from_hypernym]	R1	dul:State	R1:dul:State	R1=gloss_starts_'be'	be opposite to; of angles and sides, in geometry		oewn-02672590-v	0	2	
oewn-02626546-v	succumb	succumb|yield	v	dul:Event	propagated_from_hypernym	from oewn-00359085-v[tier1_derivation]	R1	dul:State	R1:dul:State	R1=gloss_starts_'be'	be fatally overwhelmed		oewn-00359085-v	0	2	
oewn-00064841-v	suffer	suffer|hurt|ache	v	dul:Action	propagated_from_hypernym	from oewn-01775456-v[propagated_from_hypernym]	R1	dul:State	R1:dul:State	R1=gloss_starts_'be'	be in pain		oewn-01775456-v	14	2	
oewn-00205234-v	suffer	suffer|lose	v	dul:Action	propagated_from_hypernym	from oewn-00204228-v[tier2_indirect]	R1	dul:State	R1:dul:State	R1=gloss_starts_'be'	be set at a disadvantage	This author really suffers in translation | The painting loses something in this light	oewn-00204228-v	0	2	
oewn-02675578-v	suffice	suffice|do|answer|serve	v	dul:Action	propagated_from_hypernym	from oewn-02677669-v[tier1_derivation]	R1	dul:State	R1:dul:State	R1=gloss_starts_'be'	be sufficient; be adequate, either in quality or quantity	A few words would answer | This car suits my purpose well | Will $100 do? | A ‘B’ grade doesn't suffice to get me into medical school | Nothing else will serve	oewn-02677669-v	5	2	
oewn-00360165-v	suffocate	suffocate|stifle|asphyxiate	v	dul:Event	propagated_from_hypernym	from oewn-00359085-v[tier1_derivation]	R1	dul:State	R1:dul:State	R1=gloss_starts_'be'	be asphyxiated; die from lack of oxygen	The child suffocated under the pillow	oewn-00359085-v	1	2	
oewn-00391905-v	suffocate	suffocate|choke	v	dul:State	propagated_from_hypernym	from oewn-02632685-v[propagated_from_hypernym]	R1	dul:Achievement	R1:dul:Achievement	R1=gloss_starts_'become'	become stultified, suppressed, or stifled	He is suffocating — living at home with his aged parents in the small village	oewn-02632685-v	0	2	
oewn-02708690-v	suit	suit|accommodate|fit	v	dul:Action	propagated_from_hypernym	from oewn-01185870-v[propagated_from_hypernym]	R1	dul:State	R1:dul:State	R1=gloss_starts_'be'	be agreeable or acceptable to	This suits my needs	oewn-01185870-v	1	2	
oewn-02724891-v	sulk	sulk|pout|brood	v	dul:Action	propagated_from_hypernym	from oewn-01775456-v[propagated_from_hypernym]	R1	dul:State	R1:dul:State	R1=gloss_starts_'be'	be in a huff and display one's displeasure	She is pouting because she didn't get what she wanted	oewn-01775456-v	1	2	
oewn-00538130-v	superannuate	superannuate	v	dul:State	propagated_from_hypernym	from oewn-00109468-v[propagated_from_hypernym]	R1	dul:Achievement	R1:dul:Achievement	R1=gloss_starts_'become'	become obsolete		oewn-00109468-v	0	2	
oewn-02602905-v	swell	swell|puff up	v	dul:State	propagated_from_hypernym	from oewn-00010428-v[propagated_from_hypernym]	R1	dul:Achievement	R1:dul:Achievement	R1=gloss_starts_'become'	become filled with pride, arrogance, or anger	The mother was swelling with importance when she spoke of her son	oewn-00010428-v	0	2	
oewn-00078069-v	swelter	swelter	v	dul:Action	propagated_from_hypernym	from oewn-00064841-v[propagated_from_hypernym]	R1	dul:State	R1:dul:State	R1=gloss_starts_'be'	be uncomfortably hot		oewn-00064841-v	0	2	
oewn-02394957-v	swing	swing|get around	v	dul:Action	propagated_from_hypernym	from oewn-02394092-v[tier1_derivation]	R1	dul:State	R1:dul:State	R1=gloss_starts_'be'	be a social swinger; socialize a lot		oewn-02394092-v	0	2	
oewn-00595453-v	sympathize	sympathize|sympathise|empathize|empathise|understand	v	dul:Action	propagated_from_hypernym	from oewn-01775456-v[propagated_from_hypernym]	R1	dul:State	R1:dul:State	R1=gloss_starts_'be'	be understanding of	You don't need to explain — I understand!	oewn-01775456-v	0	2	
oewn-00554693-v	syncretize	syncretize|syncretise	v	dul:Action	propagated_from_hypernym	from oewn-00395719-v[tier1_derivation]	R1	dul:Achievement	R1:dul:Achievement	R1=gloss_starts_'become'	become fused		oewn-00395719-v	0	2	
oewn-00952369-v	take a dare	take a dare	v	dul:Action	propagated_from_hypernym	from oewn-00671680-v[tier1_derivation]	R1	dul:State	R1:dul:State	R1=gloss_starts_'be'	be dared to do something and not attempt it		oewn-00671680-v	0	2	
oewn-02442554-v	take care	take care|mind	v	dul:Action	propagated_from_hypernym	from oewn-02441196-v[tier1_derivation]	R1	dul:State	R1:dul:State	R1=gloss_starts_'be'	be in charge of or deal with	She takes care of all the necessary arrangements	oewn-02441196-v	1	2	
oewn-02391408-v	take orders	take orders	v	dul:Action	propagated_from_hypernym	from oewn-01084999-v[tier1_derivation]	R1	dul:State	R1:dul:State	R1=gloss_starts_'be'	be ordained; enter the Christian ministry	She took orders last month	oewn-01084999-v	0	2	
oewn-00890040-v	take the veil	take the veil	v	dul:Action	propagated_from_hypernym	from oewn-00889847-v[propagated_from_hypernym]	R1	dul:Achievement	R1:dul:Achievement	R1=gloss_starts_'become'	become a nun	The young woman took the veil after her fiance died	oewn-00889847-v	0	2	
oewn-00306198-v	taper off	taper off	v	dul:Action	propagated_from_hypernym	from oewn-00305890-v[tier1_derivation]	R1	dul:Achievement	R1:dul:Achievement	R1=gloss_starts_'become'	become smaller or less active	Business tapered off	oewn-00305890-v	0	2	
oewn-00421502-v	tauten	tauten|firm	v	dul:State	propagated_from_hypernym	from oewn-00420903-v[propagated_from_hypernym]	R1	dul:Achievement	R1:dul:Achievement	R1=gloss_starts_'become'	become taut or tauter	Your muscles will firm when you exercise regularly | the rope tautened	oewn-00420903-v	0	2	
oewn-00026146-v	tense	tense|tense up	v	dul:State	propagated_from_hypernym	from oewn-00145958-v[propagated_from_hypernym]	R1	dul:Achievement	R1:dul:Achievement	R1=gloss_starts_'become'	become tense, nervous, or uneasy	He tensed up when he saw his opponent enter the room	oewn-00145958-v	0	2	
oewn-00431447-v	thin out	thin out	v	dul:Action	propagated_from_hypernym	from oewn-00151509-v[tier1_derivation]	R1	dul:Achievement	R1:dul:Achievement	R1=gloss_starts_'become'	become sparser	Towards the end of town, the houses thinned out	oewn-00151509-v	0	2	
oewn-00522828-v	thrombose	thrombose	v	dul:State	propagated_from_hypernym	from oewn-00145958-v[propagated_from_hypernym]	R1	dul:Achievement	R1:dul:Achievement	R1=gloss_starts_'become'	become blocked by a thrombus	the blood vessel thrombosed	oewn-00145958-v	0	2	
oewn-01823710-v	throw cold water on	throw cold water on|pour cold water on	v	dul:Action	propagated_from_hypernym	from oewn-01823114-v[propagated_from_hypernym]	R1	dul:State	R1:dul:State	R1=gloss_starts_'be'	be discouraging or negative about		oewn-01823114-v	0	2	
oewn-02776493-v	thunder	thunder|boom	v	dul:Action	propagated_from_hypernym	from oewn-02139513-v[propagated_from_hypernym]	R1	dul:State	R1:dul:State	R1=gloss_starts_'be'	be the case that thunder is being heard	Whenever it thunders, my dog crawls under the bed	oewn-02139513-v	0	2	
oewn-01878313-v	tide	tide	v	dul:Action	propagated_from_hypernym	from oewn-01906776-v[propagated_from_hypernym]	R1	dul:State	R1:dul:State	R1=gloss_starts_'be'	be carried with the tide		oewn-01906776-v	0	2	
oewn-00420903-v	tighten	tighten	v	dul:State	propagated_from_hypernym	from oewn-00109468-v[propagated_from_hypernym]	R1	dul:Achievement	R1:dul:Achievement	R1=gloss_starts_'become'	become tight or tighter	The rope tightened	oewn-00109468-v	4	2	
oewn-02734659-v	trade	trade	v	dul:Action	propagated_from_hypernym	from oewn-02733758-v[tier1_derivation]	R1	dul:State	R1:dul:State	R1=gloss_starts_'be'	be traded at a certain price or under certain conditions	The stock traded around $20 a share	oewn-02733758-v	1	2	
oewn-00249273-v	turn	turn	v	dul:Action	propagated_from_hypernym	from oewn-00248912-v[propagated_from_hypernym]	R1	dul:Achievement	R1:dul:Achievement	R1=gloss_starts_'become'	become officially one year older	She is turning 50 this year	oewn-00248912-v	0	2	
oewn-00549559-v	turn on	turn on	v	dul:State	propagated_from_hypernym	from oewn-00109468-v[propagated_from_hypernym]	R1	dul:Achievement	R1:dul:Achievement	R1=gloss_starts_'become'	become hostile towards	The dog suddenly turned on the mailman	oewn-00109468-v	0	2	
oewn-00831849-v	tutor	tutor	v	dul:Action	propagated_from_hypernym	from oewn-00830768-v[propagated_from_hypernym]	R1	dul:State	R1:dul:State	R1=gloss_starts_'be'	be a tutor to someone; give individual instruction	She tutored me in Spanish	oewn-00830768-v	0	2	
oewn-01481768-v	unclog	unclog	v	dul:Action	propagated_from_hypernym	from oewn-01478583-v[tier2_indirect]	R1	dul:Achievement	R1:dul:Achievement	R1=gloss_starts_'become'	become or cause to become unobstructed	The chemical that we poured down the drain unclogged it	oewn-01478583-v	0	2	
oewn-00606325-v	understudy	understudy|alternate	v	dul:Action	propagated_from_hypernym	from oewn-00605971-v[propagated_from_hypernym]	R1	dul:State	R1:dul:State	R1=gloss_starts_'be'	be an understudy or alternate for a role		oewn-00605971-v	0	2	
oewn-01346822-v	unfasten	unfasten	v	dul:Action	propagated_from_hypernym	from oewn-01349486-v[tier2_indirect]	R1	dul:Achievement	R1:dul:Achievement	R1=gloss_starts_'become'	become undone or untied	The shoelaces unfastened	oewn-01349486-v	0	2	
oewn-00220389-v	unlock	unlock	v	dul:Action	propagated_from_hypernym	from oewn-00220702-v[tier1_derivation]	R1	dul:Achievement	R1:dul:Achievement	R1=gloss_starts_'become'	become unlocked	The door unlocked from the inside	oewn-00220702-v	0	2	
oewn-00582748-v	vascularize	vascularize|vascularise	v	dul:State	propagated_from_hypernym	from oewn-00109468-v[propagated_from_hypernym]	R1	dul:Achievement	R1:dul:Achievement	R1=gloss_starts_'become'	become vascular and have vessels that circulate fluids	The egg yolk vascularized	oewn-00109468-v	0	2	
oewn-00945313-v	verbalize	verbalize|verbalise	v	dul:Action	propagated_from_hypernym	from oewn-00944022-v[tier1_derivation]	R1	dul:State	R1:dul:State	R1=gloss_starts_'be'	be verbose	This lawyer verbalizes and is rather tedious	oewn-00944022-v	0	2	
oewn-00582115-v	vesiculate	vesiculate	v	dul:State	propagated_from_hypernym	from oewn-00109468-v[propagated_from_hypernym]	R1	dul:Achievement	R1:dul:Achievement	R1=gloss_starts_'become'	become vesicular or full of air cells	The organs vesiculated	oewn-00109468-v	0	2	
oewn-02226961-v	vest	vest	v	dul:Action	propagated_from_hypernym	from oewn-02226741-v[propagated_from_hypernym]	R1	dul:Achievement	R1:dul:Achievement	R1=gloss_starts_'become'	become legally vested	The property vests in the trustees	oewn-02226741-v	0	2	
oewn-02033337-v	volley	volley	v	dul:Action	propagated_from_hypernym	from oewn-02032840-v[tier1_derivation]	R1	dul:State	R1:dul:State	R1=gloss_starts_'be'	be dispersed in a volley	gun shots volleyed at the attackers	oewn-02032840-v	0	2	
oewn-02479313-v	vote	vote	v	dul:Action	propagated_from_hypernym	from oewn-00676526-v[tier1_derivation]	R1	dul:State	R1:dul:State	R1=gloss_starts_'be'	be guided by in voting	vote one's conscience	oewn-00676526-v	0	2	
oewn-01878171-v	waft	waft	v	dul:Action	propagated_from_hypernym	from oewn-01906776-v[propagated_from_hypernym]	R1	dul:State	R1:dul:State	R1=gloss_starts_'be'	be driven or carried along, as by the air	Sounds wafted into the room	oewn-01906776-v	0	2	
oewn-02475941-v	walk	walk	v	dul:Action	propagated_from_hypernym	from oewn-02475598-v[tier1_derivation]	R1	dul:State	R1:dul:State	R1=gloss_starts_'be'	be or act in association with	We must walk with our dispossessed brothers and sisters | Walk with God	oewn-02475598-v	0	2	
oewn-01827320-v	wallow	wallow|rejoice|triumph	v	dul:Action	propagated_from_hypernym	from oewn-01817635-v[propagated_from_hypernym]	R1	dul:State	R1:dul:State	R1=gloss_starts_'be'	be ecstatic with joy		oewn-01817635-v	0	2	
oewn-00087405-v	wan	wan	v	dul:Action	propagated_from_hypernym	from oewn-00087206-v[propagated_from_hypernym]	R1	dul:Achievement	R1:dul:Achievement	R1=gloss_starts_'become'	become pale and sickly		oewn-00087206-v	0	2	
oewn-01809080-v	warm to	warm to	v	dul:Process	propagated_from_hypernym	from oewn-00736077-v[propagated_from_hypernym]	R1	dul:Achievement	R1:dul:Achievement	R1=gloss_starts_'become'	become excited about	He warmed to the idea of a trip to Antarctica	oewn-00736077-v	0	2	
oewn-00373765-v	warm up	warm up	v	dul:State	propagated_from_hypernym	from oewn-00109468-v[propagated_from_hypernym]	R1	dul:Achievement	R1:dul:Achievement	R1=gloss_starts_'become'	become more friendly or open	She warmed up after we had lunch together	oewn-00109468-v	0	2	
oewn-00424210-v	wash up	wash up	v	dul:Event	propagated_from_hypernym	from oewn-00423043-v[tier1_derivation]	R1	dul:State	R1:dul:State	R1=gloss_starts_'be'	be carried somewhere by water or as if by water	The body washed up on the beach	oewn-00423043-v	0	2	
oewn-00223926-v	weaken	weaken	v	dul:Action	propagated_from_hypernym	from oewn-00151509-v[tier1_derivation]	R1	dul:Achievement	R1:dul:Achievement	R1=gloss_starts_'become'	become weaker	The prisoner's resistance weakened after seven days	oewn-00151509-v	14	2	
oewn-01818233-v	weigh down	weigh down|weigh on	v	dul:Action	propagated_from_hypernym	from oewn-01817020-v[propagated_from_hypernym]	R1	dul:State	R1:dul:State	R1=gloss_starts_'be'	be oppressive or disheartening to		oewn-01817020-v	0	2	
oewn-00470550-v	wilt	wilt|droop	v	dul:State	propagated_from_hypernym	from oewn-00209244-v[propagated_from_hypernym]	R1	dul:Achievement	R1:dul:Achievement	R1=gloss_starts_'become'	become limp	The flowers wilted	oewn-00209244-v	0	2	
oewn-02132751-v	witness	witness	v	dul:Action	propagated_from_hypernym	from oewn-02154940-v[propagated_from_hypernym]	R1	dul:State	R1:dul:State	R1=gloss_starts_'be'	be a witness to	She witnessed the accident and had to testify in court	oewn-02154940-v	1	2	
oewn-01770600-v	worry	worry|care	v	dul:Process	propagated_from_hypernym	from oewn-00726454-v[propagated_from_hypernym]	R1	dul:State	R1:dul:State	R1=gloss_starts_'be'	be concerned with	I worry about my grades	oewn-00726454-v	1	2	
oewn-01771015-v	worry	worry	v	dul:Action	propagated_from_hypernym	from oewn-01775456-v[propagated_from_hypernym]	R1	dul:State	R1:dul:State	R1=gloss_starts_'be'	be worried, concerned, anxious, troubled, or uneasy	I worry about my job	oewn-01775456-v	4	2	
oewn-02344167-v	yield	yield|give|afford	v	dul:Action	propagated_from_hypernym	from oewn-02332196-v[tier1_derivation]	R1	dul:State	R1:dul:State	R1=gloss_starts_'be'	be the cause or source of	He gave me a lot of trouble | Our meeting afforded much interesting information	oewn-02332196-v	2	2	
oewn-01494940-v	yoke	yoke	v	dul:Action	propagated_from_hypernym	from oewn-01293672-v[tier1_derivation]	R1	dul:Achievement	R1:dul:Achievement	R1=gloss_starts_'become'	become joined or linked together		oewn-01293672-v	0	2	
oewn-02126629-v	ache	ache|smart|hurt	v	dul:State	tier3_gloss_starts_be	gloss	R3	dul:CognitiveState	R3:dul:CognitiveState	R3=3/4_tier1_kids_agree_on_dul:CognitiveState	be the source of pain		oewn-02128368-v	8	2	
oewn-02372362-v	act	act|move	v	dul:State	tier1_derivation	deriv→oewn-14030430-n(marker='the state of')|deriv→oewn-00166763-n(marker='the act of')	R3	dul:Action	R3:dul:Action	R3=67/71_tier1_kids_agree_on_dul:Action	perform an action, or work out or perform (an action)	think before you act | We must move quickly | The governor should act on the new energy bill | The nanny acted quickly by grabbing the toddler and covering him with a wet towel		190	2	
oewn-00150107-v	adjust	adjust|conform|adapt	v	dul:Process	tier1_derivation	deriv→oewn-13448251-n(marker='the process of')|deriv→oewn-13448251-n(marker='the process of')|deriv→oewn-13448251-n(marker='the process of')	R3	dul:Action	R3:dul:Action	R3=3/4_tier1_kids_agree_on_dul:Action	adapt or conform oneself to new or different conditions	We must adjust to the bad economic situation	oewn-00394655-v	8	2	
oewn-00807038-v	agree	agree|hold|concur|concord	v	dul:State	propagated_from_hypernym	from oewn-02372362-v[tier1_derivation]	R3	dul:Action	R3:dul:Action	R3=2/3_tier1_kids_agree_on_dul:Action	be in accord; be in agreement	We agreed on the terms of the settlement | I can't agree with you! | I hold with those who say life is sacred | Both philosophers concord on this point	oewn-02372362-v	7	2	
oewn-00646245-v	analyze	analyze|analyse|study|examine|canvass	v	dul:Process	propagated_from_hypernym	from oewn-00692380-v[propagated_from_hypernym]	R3	dul:Action	R3:dul:Action	R3=3/4_tier1_kids_agree_on_dul:Action	consider in detail and subject to an analysis in order to discover essential features or meaning	analyze a sonnet by Shakespeare | analyze the evidence in a criminal trial | analyze your real motives	oewn-00692380-v	15	2	
oewn-00423043-v	appear	appear	v	dul:Event	tier1_derivation	deriv→oewn-07336372-n(marker='the event of')	R3	dul:Action	R3:dul:Action	R3=2/3_tier1_kids_agree_on_dul:Action	come into sight or view	He suddenly appeared at the wedding | A new star appeared on the horizon	oewn-00543200-v	23	2	
oewn-02481345-v	appoint	appoint|charge	v	dul:State	propagated_from_hypernym	from oewn-02372362-v[tier1_derivation]	R3	dul:Action	R3:dul:Action	R3=3/3_tier1_kids_agree_on_dul:Action	assign a duty, responsibility or obligation to	He was appointed deputy manager | She was charged with supervising the creation of a concordance	oewn-02372362-v	6	2	
oewn-01763170-v	arouse	arouse|elicit|enkindle|kindle|evoke|fire|raise|provoke	v	dul:Action	tier1_derivation	deriv→oewn-00243675-n(marker='the act of')	R3	dul:State	R3:dul:State	R3=3/3_tier1_kids_agree_on_dul:State	call forth (emotions, feelings, and responses)	arouse pity | raise a smile | evoke sympathy	oewn-01620211-v	18	2	
oewn-00001740-v	breathe	breathe|take a breath|respire|suspire	v	dul:State	propagated_from_hypernym	from oewn-02372362-v[tier1_derivation]	R3	dul:Action	R3:dul:Action	R3=3/3_tier1_kids_agree_on_dul:Action	draw air into, and expel out of, the lungs	I can breathe better when the air is clean | The patient is respiring	oewn-02372362-v	10	2	
oewn-00138328-v	change by reversal	change by reversal|turn|reverse	v	dul:State	propagated_from_hypernym	from oewn-00109468-v[propagated_from_hypernym]	R3	dul:Action	R3:dul:Action	R3=5/7_tier1_kids_agree_on_dul:Action	change to the contrary	The trend was reversed | the tides turned against him | public opinion turned when it was revealed that the president had an affair with a White House intern	oewn-00109468-v	12	2	
oewn-00139943-v	change integrity	change integrity	v	dul:State	propagated_from_hypernym	from oewn-00109468-v[propagated_from_hypernym]	R3	dul:Action	R3:dul:Action	R3=8/15_tier1_kids_agree_on_dul:Action	change in physical make-up		oewn-00109468-v	28	2	
oewn-01266847-v	coat	coat|surface	v	dul:State	propagated_from_hypernym	from oewn-01335412-v[propagated_from_hypernym]	R3	dul:Action	R3:dul:Action	R3=3/3_tier1_kids_agree_on_dul:Action	put a coat on; cover the surface of; furnish with a surface	coat the cake with chocolate	oewn-01335412-v	39	2	
oewn-00343467-v	come	come	v	dul:State	tier3_gloss_starts_be	gloss	R3	dul:Action	R3:dul:Action	R3=2/3_tier1_kids_agree_on_dul:Action	be found or available	These shoes come in three colors | The furniture comes unassembled	oewn-02609706-v	3	2	
oewn-02626667-v	constitute	constitute|represent|make up|comprise|be	v	dul:Event	tier3_default_event	gloss	R3	dul:State	R3:dul:State	R3=2/3_tier1_kids_agree_on_dul:State	form or compose	This money is my only income | The stone wall was the backdrop for the performance | These constitute my entire belonging | The children made up the chorus | This sum represents my entire income for a year | These few men comprise his entire army	oewn-02609706-v	8	2	
oewn-01159300-v	consume	consume|ingest|take in|take|have	v	dul:Process	tier1_derivation	deriv→oewn-00839759-n(marker='the process of')|deriv→oewn-00839759-n(marker='the process of')	R3	dul:Action	R3:dul:Action	R3=8/8_tier1_kids_agree_on_dul:Action	serve oneself to, or consume regularly	Have another bowl of chicken soup! | I don't take sugar in my coffee	oewn-02372362-v	13	2	
oewn-00114965-v	convert	convert	v	dul:Action	tier1_derivation	deriv→oewn-00400891-n(marker='the act of')	R3	dul:Process	R3:dul:Process	R3=2/3_tier1_kids_agree_on_dul:Process	change the nature, purpose, or function of something	convert lead into gold | convert hotels into jails | convert slaves to laborers	oewn-00126072-v	36	2	
oewn-00259743-v	damage	damage	v	dul:Event	tier1_derivation	deriv→oewn-07435370-n(marker='the occurrence of')|deriv→oewn-00403900-n(marker='the act of')	R3	dul:Action	R3:dul:Action	R3=2/3_tier1_kids_agree_on_dul:Action	inflict damage upon	The snow damaged the roof | She damaged the car when she hit the tree	oewn-00126072-v	18	2	
oewn-01974840-v	descend	descend|fall|go down|come down	v	dul:Event	tier2_indirect	peer=oewn-01972576-v(dul:Event)|peer=oewn-01973223-v(dul:Action)	R3	dul:Action	R3:dul:Action	R3=4/4_tier1_kids_agree_on_dul:Action	move downward and lower, but not necessarily all the way	The temperature is going down | The barometer is falling | The curtain fell on the diva | Her hand went up and then fell again	oewn-01839438-v	20	2	
oewn-01566925-v	destroy	destroy|ruin	v	dul:State	propagated_from_hypernym	from oewn-02372362-v[tier1_derivation]	R3	dul:Action	R3:dul:Action	R3=3/5_tier1_kids_agree_on_dul:Action	destroy completely; damage irreparably	You have ruined my car by pouring sugar in the tank! | The tears ruined her make-up	oewn-02372362-v	17	2	
oewn-00072742-v	excrete	excrete|egest|eliminate|pass	v	dul:Action	propagated_from_hypernym	from oewn-00104622-v[tier1_derivation]	R3	dul:Process	R3:dul:Process	R3=2/3_tier1_kids_agree_on_dul:Process	eliminate from the body	Pass a kidney stone	oewn-00104622-v	7	2	
oewn-02609706-v	exist	exist|be	v	dul:Event	tier3_default_event	gloss	R3	dul:State	R3:dul:State	R3=33/42_tier1_kids_agree_on_dul:State	have an existence, be extant	Is there a God?		67	2	
oewn-02534046-v	fail	fail|go wrong|miscarry	v	dul:State	propagated_from_hypernym	from oewn-02372362-v[tier1_derivation]	R3	dul:Action	R3:dul:Action	R3=3/3_tier1_kids_agree_on_dul:Action	be unsuccessful	Where do today's public schools fail? | The attempt to rescue the hostages failed miserably	oewn-02372362-v	10	2	
oewn-00589616-v	grok	grok|get the picture|comprehend|savvy|dig|grasp|compass|apprehend	v	dul:Event	tier3_default_event	gloss	R3	dul:CognitiveState	R3:dul:CognitiveState	R3=2/3_tier1_kids_agree_on_dul:CognitiveState	get the meaning of something	Do you comprehend the meaning of this letter?	oewn-00590283-v	4	2	
oewn-00340744-v	happen	happen|hap|go on|pass off|occur|pass|fall out|come about|take place	v	dul:Event	tier3_default_event	gloss	R3	dul:State	R3:dul:State	R3=4/8_tier1_kids_agree_on_dul:State	come to pass	What is happening? | The meeting took place without an incident | Nothing occurred that seemed important		27	2	
oewn-02636270-v	have	have|feature	v	dul:State	tier2_indirect	peer=oewn-02638434-v(dul:State)	R3	dul:Action	R3:dul:Action	R3=3/3_tier1_kids_agree_on_dul:Action	have as a feature	This restaurant features the most famous chefs in France	oewn-02208144-v	18	2	
oewn-02208144-v	have	have|have got|hold	v	dul:Event	tier3_default_event	gloss	R3	dul:Action	R3:dul:Action	R3=5/9_tier1_kids_agree_on_dul:Action	have or possess, either in a concrete or an abstract sense	She has $1,000 in the bank | He has got two beautiful daughters | She holds a Master's degree from Harvard | I have two years left | I don't have any money left | They have two more years before they retire		21	2	
oewn-02639021-v	include	include	v	dul:Event	tier3_default_event	gloss	R3	dul:State	R3:dul:State	R3=2/3_tier1_kids_agree_on_dul:State	have as a part, be made up out of	The list includes the names of many famous writers	oewn-02208144-v	7	2	
oewn-00597330-v	know	know	v	dul:CognitiveState	tier3_cognitive_state_kw	gloss	R3	dul:State	R3:dul:State	R3=2/3_tier1_kids_agree_on_dul:State	know how to do or perform something	She knows how to knit | Does your husband know how to cook?	oewn-00596016-v	3	2	
oewn-02137900-v	look	look|appear|seem	v	dul:Event	tier3_default_event	gloss	R3	dul:State	R3:dul:State	R3=8/8_tier1_kids_agree_on_dul:State	give a certain impression of being something or having a certain aspect	She seems to be sleeping | This appears to be a very difficult problem | This project looks fishy | They appeared like people who had not eaten or slept for a long time	oewn-02139137-v	18	2	
oewn-02433771-v	meet	meet|gather|assemble|forgather|foregather	v	dul:State	propagated_from_hypernym	from oewn-02382049-v[propagated_from_hypernym]	R3	dul:Action	R3:dul:Action	R3=4/4_tier1_kids_agree_on_dul:Action	collect in one place	We assembled in the church basement | Let's gather in the dining room	oewn-02382049-v	12	2	
oewn-00850760-v	mock	mock|bemock	v	dul:State	propagated_from_hypernym	from oewn-02519853-v[propagated_from_hypernym]	R3	dul:Action	R3:dul:Action	R3=3/3_tier1_kids_agree_on_dul:Action	treat with contempt	The new constitution mocks all democratic principles	oewn-02519853-v	3	2	
oewn-01230239-v	penetrate	penetrate|perforate	v	dul:Action	propagated_from_hypernym	from oewn-02020375-v[tier1_derivation]	R3	dul:Process	R3:dul:Process	R3=3/3_tier1_kids_agree_on_dul:Process	pass into or through, often by overcoming resistance	The bullet penetrated her chest	oewn-02020375-v	19	2	
oewn-00212840-v	preserve	preserve|keep	v	dul:Action	propagated_from_hypernym	from oewn-01668067-v[tier1_derivation]	R3	dul:Process	R3:dul:Process	R3=3/3_tier1_kids_agree_on_dul:Process	prevent (food) from rotting	preserved meats | keep potatoes fresh	oewn-01668067-v	9	2	
oewn-00719282-v	react	react|respond	v	dul:State	propagated_from_hypernym	from oewn-02372362-v[tier1_derivation]	R3	dul:Action	R3:dul:Action	R3=4/4_tier1_kids_agree_on_dul:Action	show a response or a reaction to something		oewn-02372362-v	17	2	
oewn-00572138-v	remove	remove|take away	v	dul:State	propagated_from_hypernym	from oewn-02372362-v[tier1_derivation]	R3	dul:Action	R3:dul:Action	R3=3/3_tier1_kids_agree_on_dul:Action	get rid of something abstract	The death of her mother removed the last obstacle to their marriage | God takes away your sins	oewn-02372362-v	5	2	
oewn-02671359-v	resemble	resemble	v	dul:Event	tier3_default_event	gloss	R3	dul:State	R3:dul:State	R3=3/3_tier1_kids_agree_on_dul:State	appear like; be similar or bear a likeness to	She resembles her mother very much | This paper resembles my own work	oewn-02663315-v	6	2	
oewn-01461602-v	separate	separate	v	dul:State	propagated_from_hypernym	from oewn-00139943-v[propagated_from_hypernym]	R3	dul:Process	R3:dul:Process	R3=2/4_tier1_kids_agree_on_dul:Process	divide into components or constituents	Separate the wheat from the chaff	oewn-00139943-v	13	2	
oewn-01560556-v	separate	separate|divide|part	v	dul:State	propagated_from_hypernym	from oewn-00109468-v[propagated_from_hypernym]	R3	dul:Action	R3:dul:Action	R3=6/6_tier1_kids_agree_on_dul:Action	move or break apart	The two pieces that we had glued separated	oewn-00109468-v	13	2	
oewn-02211401-v	take	take	v	dul:State	propagated_from_hypernym	from oewn-02372362-v[tier1_derivation]	R3	dul:Action	R3:dul:Action	R3=5/5_tier1_kids_agree_on_dul:Action	conquer by force	Hitler took the Baltic Republics | The army took the fort on the hill	oewn-02372362-v	9	2	
oewn-01208838-v	touch	touch	v	dul:Event	tier1_derivation	deriv→oewn-07424192-n(marker='the event of')|deriv→oewn-00047263-n(marker='the act of')	R3	dul:Action	R3:dul:Action	R3=7/7_tier1_kids_agree_on_dul:Action	make physical contact with, come in contact with	Touch the stone for good luck | She never touched her husband	oewn-02372362-v	20	2	
oewn-00078513-v	treat	treat|care for	v	dul:State	propagated_from_hypernym	from oewn-02519853-v[propagated_from_hypernym]	R3	dul:Action	R3:dul:Action	R3=4/4_tier1_kids_agree_on_dul:Action	provide treatment for	The doctor treated my broken leg | The nurses cared for the bomb victims | The patient must be treated right away or she will die | Treat the infection with antibiotics	oewn-02519853-v	24	2	
oewn-02519853-v	treat	treat|handle|do by	v	dul:State	propagated_from_hypernym	from oewn-02382049-v[propagated_from_hypernym]	R3	dul:Action	R3:dul:Action	R3=3/3_tier1_kids_agree_on_dul:Action	interact in a certain way	Do right by her | Treat him with caution, please | Handle the press reporters gently	oewn-02382049-v	17	2	
oewn-01522610-v	undo	undo	v	dul:State	propagated_from_hypernym	from oewn-00138328-v[propagated_from_hypernym]	R3	dul:Action	R3:dul:Action	R3=4/4_tier1_kids_agree_on_dul:Action	cancel, annul, or reverse an action or its effect	I wish I could undo my actions	oewn-00138328-v	17	2	
oewn-02139137-v	appear	appear|seem	v	dul:Event	tier3_default_event	gloss	R2,R7	dul:State	R2:dul:State;R7:dul:State	R2=dul:State_signals:1;R7=example_aspect:dul:State=3	(of a proposition) seem to be true, probable, or apparent	It seems that he is very gifted | It appears that the weather in California is very bad	oewn-02622439-v	1	1.5	
oewn-02610777-v	be	be	v	dul:Event	tier3_default_event	gloss	R2,R7	dul:State	R2:dul:State;R7:dul:State	R2=dul:State_signals:1;R7=example_aspect:dul:State=2	have the quality of being; (copula, used with an adjective or a predicate noun)	John is rich | This is not a good answer		1	1.5	
oewn-00700621-v	decide	decide|settle|resolve|adjudicate	v	dul:Action	propagated_from_hypernym	from oewn-00353480-v[tier1_derivation]	R2,R7	dul:Event	R2:dul:Event;R7:dul:Event	R2=dul:Event_signals:1;R7=example_aspect:dul:Event=2	bring to an end; settle conclusively	The case was decided | The judge decided the case in favor of the plaintiff | The father adjudicated when the sons were quarreling over their inheritance	oewn-00353480-v	2	1.5	
oewn-00435327-v	fail	fail|go bad|give way|die|give out|conk out|go|break|break down	v	dul:State	propagated_from_hypernym	from oewn-00109468-v[propagated_from_hypernym]	R2,R7	dul:Event	R2:dul:Event;R7:dul:Event	R2=dul:Event_signals:1;R7=example_aspect:dul:Event=2	stop operating or functioning	The engine finally went | The car died on the road | The bus we travelled in broke down on the way to town | The coffee maker broke | The engine failed on the way to town | her eyesight went after the accident	oewn-00109468-v	4	1.5	
oewn-01268553-v	finish	finish	v	dul:State	propagated_from_hypernym	from oewn-01266847-v[propagated_from_hypernym]	R2,R7	dul:Event	R2:dul:Event;R7:dul:Event	R2=dul:Event_signals:1;R7=example_aspect:dul:Event=2	provide with a finish	The carpenter finished the table beautifully | this shirt is not finished properly	oewn-01266847-v	2	1.5	
oewn-02010587-v	get	get	v	dul:Action	propagated_from_hypernym	from oewn-02022224-v[propagated_from_hypernym]	R2,R7	dul:Event	R2:dul:Event;R7:dul:Event	R2=dul:Event_signals:1;R7=example_aspect:dul:Event=2	reach and board	She got the bus just as it was leaving	oewn-02022224-v	0	1.5	
oewn-02360592-v	have	have|get|make	v	dul:Action	propagated_from_hypernym	from oewn-01114241-v[tier1_derivation]	R2,R7	dul:Event	R2:dul:Event;R7:dul:Event	R2=dul:Event_signals:1;R7=example_aspect:dul:Event=2	achieve a point or goal	Nicklaus had a 70 | The Brazilian team got 4 goals | She made 29 points that day	oewn-01114241-v	0	1.5	
oewn-00929020-v	speculate	speculate	v	dul:Process	propagated_from_hypernym	from oewn-00634289-v[propagated_from_hypernym]	R2,R7	dul:Event	R2:dul:Event;R7:dul:Event	R2=dul:Event_signals:1;R7=example_aspect:dul:Event=2	talk over conjecturally, or review in an idle or casual way and with an element of doubt or without sufficient reason to reach a conclusion	We were speculating whether the President had to resign after the scandal	oewn-00634289-v	2	1.5	
oewn-02667847-v	aberrate	aberrate	v	dul:State	propagated_from_hypernym	from oewn-02667330-v[propagated_from_hypernym]	R2	dul:Action	R2:dul:Action	R2=dul:Action_signals:1	diverge or deviate from the straight path; produce aberration	The surfaces of the concave lens may be proportioned so as to aberrate exactly equal to the convex lens	oewn-02667330-v	0	1	
oewn-00422488-v	absent	absent|remove	v	dul:Action	propagated_from_hypernym	from oewn-00427911-v[tier1_derivation]	R2	dul:State	R2:dul:State	R2=dul:State_signals:1	stay away or leave	He absented himself	oewn-00427911-v	0	1	
oewn-01540059-v	acid-wash	acid-wash	v	dul:Action	propagated_from_hypernym	from oewn-01538034-v[propagated_from_hypernym]	R2	dul:Event	R2:dul:Event	R2=dul:Event_signals:1	wash with acid so as to achieve a bleached look	acid-wash blue jeans	oewn-01538034-v	0	1	
oewn-00010234-v	act involuntarily	act involuntarily|act reflexively	v	dul:State	propagated_from_hypernym	from oewn-00010428-v[propagated_from_hypernym]	R2	dul:Action	R2:dul:Action	R2=dul:Action_signals:1	act in an uncontrolled manner		oewn-00010428-v	4	1	
oewn-02523321-v	act up	act up|carry on	v	dul:State	propagated_from_hypernym	from oewn-02522868-v[propagated_from_hypernym]	R2	dul:Action	R2:dul:Action	R2=dul:Action_signals:1	misbehave badly; act in a silly or improper way	The children acted up when they were not bored	oewn-02522868-v	0	1	
oewn-00191331-v	activate	activate|aerate	v	dul:Action	propagated_from_hypernym	from oewn-00126072-v[tier1_derivation]	R2	dul:Process	R2:dul:Process	R2=dul:Process_signals:1	aerate (sewage) so as to favor the growth of organisms that decompose organic matter		oewn-00126072-v	0	1	
oewn-00393929-v	acuminate	acuminate	v	dul:State	propagated_from_hypernym	from oewn-00393662-v[propagated_from_hypernym]	R2	dul:Event	R2:dul:Event	R2=dul:Event_signals:1	make sharp or acute; taper; make (something) come to a point		oewn-00393662-v	0	1	
oewn-00364950-v	adjourn	adjourn|recess|break up	v	dul:Action	propagated_from_hypernym	from oewn-02615799-v[tier1_derivation]	R2	dul:Event	R2:dul:Event	R2=dul:Event_signals:1	close at the end of a session	The court adjourned	oewn-02615799-v	0	1	
oewn-02436818-v	administer	administer|administrate	v	dul:Action	propagated_from_hypernym	from oewn-02441196-v[tier1_derivation]	R2	dul:State	R2:dul:State	R2=dul:State_signals:1	work in an administrative capacity; supervise or be in charge of	administer a program | she administers the funds	oewn-02441196-v	2	1	
oewn-01543020-v	adsorb	adsorb	v	dul:State	propagated_from_hypernym	from oewn-01543237-v[propagated_from_hypernym]	R2	dul:Process	R2:dul:Process	R2=dul:Process_signals:1	accumulate (liquids or gases) on the surface		oewn-01543237-v	0	1	
oewn-02750326-v	afford	afford	v	dul:State	propagated_from_hypernym	from oewn-02593624-v[propagated_from_hypernym]	R2	dul:Action	R2:dul:Action	R2=dul:Action_signals:1	have the financial means to do something or buy something	We can't afford to send our children to college | Can you afford this car?	oewn-02593624-v	0	1	
oewn-00249398-v	age	age	v	dul:Action	propagated_from_hypernym	from oewn-00252905-v[propagated_from_hypernym]	R2	dul:Event	R2:dul:Event	R2=dul:Event_signals:1	begin to seem older; get older	The death of his wife caused him to age fast	oewn-00252905-v	0	1	
oewn-01037402-v	agree	agree	v	dul:State	propagated_from_hypernym	from oewn-02372362-v[tier1_derivation]	R2	dul:Event	R2:dul:Event	R2=dul:Event_signals:1	achieve harmony of opinion, feeling, or purpose	No two of my colleagues would agree on whom to elect chairman	oewn-02372362-v	2	1	
oewn-01982714-v	alight	alight|light|perch	v	dul:Action	propagated_from_hypernym	from oewn-01983915-v[tier1_derivation]	R2	dul:Event	R2:dul:Event	R2=dul:Event_signals:1	to come to rest, settle	Misfortune lighted upon him	oewn-01983915-v	0	1	
oewn-00121022-v	alternate	alternate|take turns	v	dul:State	propagated_from_hypernym	from oewn-02372362-v[tier1_derivation]	R2	dul:Action	R2:dul:Action	R2=dul:Action_signals:1	do something in turns	We take turns on the night shift	oewn-02372362-v	1	1	
oewn-02357259-v	amortize	amortize|amortise	v	dul:Action	propagated_from_hypernym	from oewn-02357015-v[propagated_from_hypernym]	R2	dul:Process	R2:dul:Process	R2=dul:Process_signals:1	liquidate gradually		oewn-02357015-v	0	1	
oewn-00096018-v	ankylose	ankylose|ancylose	v	dul:Action	propagated_from_hypernym	from oewn-00231983-v[propagated_from_hypernym]	R2	dul:Process	R2:dul:Process	R2=dul:Process_signals:1	undergo ankylosis	joints ankylose	oewn-00231983-v	0	1	
oewn-02570756-v	antagonize	antagonize|antagonise|counteract	v	dul:State	propagated_from_hypernym	from oewn-02372362-v[tier1_derivation]	R2	dul:Action	R2:dul:Action	R2=dul:Action_signals:1	act in opposition to		oewn-02372362-v	0	1	
oewn-01898157-v	arouse	arouse|stir	v	dul:State	propagated_from_hypernym	from oewn-01835473-v[propagated_from_hypernym]	R2	dul:Event	R2:dul:Event	R2=dul:Event_signals:1	to begin moving	As the thunder started the sleeping children began to stir	oewn-01835473-v	0	1	
oewn-00351702-v	ask for it	ask for it|ask for trouble	v	dul:Action	propagated_from_hypernym	from oewn-00351115-v[tier1_derivation]	R2	dul:State	R2:dul:State	R2=dul:State_signals:1	persist with actions or an attitude despite the probability that it will cause trouble	He is asking for trouble with his behavior	oewn-00351115-v	0	1	
oewn-00954071-v	aspirate	aspirate	v	dul:Action	propagated_from_hypernym	from oewn-00980581-v[propagated_from_hypernym]	R2	dul:Event	R2:dul:Event	R2=dul:Event_signals:1	pronounce with aspiration; of stop sounds		oewn-00980581-v	0	1	
oewn-02419840-v	assist	assist	v	dul:State	propagated_from_hypernym	from oewn-02418610-v[propagated_from_hypernym]	R2	dul:Action	R2:dul:Action	R2=dul:Action_signals:1	act as an assistant in a subordinate or supportive function		oewn-02418610-v	2	1	
oewn-00633898-v	assume	assume|presume|take for granted	v	dul:Action	propagated_from_hypernym	from oewn-00721658-v[propagated_from_hypernym]	R2	dul:State	R2:dul:State	R2=dul:State_signals:1	take to be the case or to be true; accept without verification or proof	I assume his train was late	oewn-00721658-v	1	1	
oewn-00093733-v	atrophy	atrophy	v	dul:Action	propagated_from_hypernym	from oewn-00242575-v[propagated_from_hypernym]	R2	dul:Process	R2:dul:Process	R2=dul:Process_signals:1	undergo atrophy	Muscles that are not used will atrophy	oewn-00242575-v	0	1	
oewn-00019785-v	attack	attack	v	dul:Action	propagated_from_hypernym	from oewn-00019441-v[propagated_from_hypernym]	R2	dul:Event	R2:dul:Event	R2=dul:Event_signals:1	begin to injure	The cancer cells are attacking his liver | Rust is attacking the metal	oewn-00019441-v	0	1	
oewn-01121587-v	attack	attack|assail	v	dul:Action	propagated_from_hypernym	from oewn-01092746-v[tier1_derivation]	R2	dul:Event	R2:dul:Event	R2=dul:Event_signals:2	launch an attack or assault on; begin hostilities or start warfare with	Hitler attacked Poland on September 1, 1939 and started World War II | Serbian forces assailed Bosnian towns all week	oewn-01092746-v	14	1	
oewn-00822013-v	attest	attest	v	dul:Action	propagated_from_hypernym	from oewn-01013058-v[tier1_derivation]	R2	dul:State	R2:dul:State	R2=dul:State_signals:1	authenticate, affirm to be true, genuine, or correct, as in an official capacity	I attest this signature	oewn-01013058-v	0	1	
oewn-00383081-v	aurify	aurify	v	dul:State	propagated_from_hypernym	from oewn-00382272-v[propagated_from_hypernym]	R2	dul:Process	R2:dul:Process	R2=dul:Process_signals:1	transform into gold		oewn-00382272-v	0	1	
oewn-02532960-v	average	average	v	dul:Action	propagated_from_hypernym	from oewn-02531751-v[tier1_derivation]	R2	dul:Event	R2:dul:Event	R2=dul:Event_signals:2	achieve or reach on average	He averaged a C	oewn-02531751-v	0	1	
oewn-00813037-v	avoid	avoid	v	dul:Action	propagated_from_hypernym	from oewn-00798638-v[tier1_derivation]	R2	dul:State	R2:dul:State	R2=dul:State_signals:1	stay clear from; keep away from; keep out of the way of someone or something	Her former friends now avoid her	oewn-00798638-v	8	1	
oewn-00159044-v	backlog	backlog	v	dul:Action	propagated_from_hypernym	from oewn-00158612-v[tier1_derivation]	R2	dul:Process	R2:dul:Process	R2=dul:Process_signals:1	accumulate and create a backlog		oewn-00158612-v	0	1	
oewn-00840873-v	bamboozle	bamboozle|snow|hoodwink|pull the wool over someone's eyes|lead by the nose|play false	v	dul:Action	propagated_from_hypernym	from oewn-00856102-v[tier1_derivation]	R2	dul:Event	R2:dul:Event	R2=dul:Event_signals:1	conceal one's true motives from especially by elaborately feigning good intentions so as to gain an end	He bamboozled his professors into thinking that he knew the subject well	oewn-00856102-v	0	1	
oewn-02348248-v	bank	bank	v	dul:State	propagated_from_hypernym	from oewn-01098310-v[propagated_from_hypernym]	R2	dul:Action	R2:dul:Action	R2=dul:Action_signals:1	act as the banker in a game or in gambling		oewn-01098310-v	0	1	
oewn-00766827-v	bargain	bargain	v	dul:Action	propagated_from_hypernym	from oewn-00766267-v[propagated_from_hypernym]	R2	dul:Event	R2:dul:Event	R2=dul:Event_signals:2	come to terms; arrive at an agreement		oewn-00766267-v	0	1	
oewn-02750695-v	be	be	v	dul:Event	tier3_default_event	gloss	R2	dul:State	R2:dul:State	R2=dul:State_signals:1	to remain unmolested, undisturbed, or uninterrupted — used only in infinitive form	let her be	oewn-00117793-v	0	1	
oewn-02632685-v	become	become|turn	v	dul:State	propagated_from_hypernym	from oewn-00382272-v[propagated_from_hypernym]	R2	dul:Process	R2:dul:Process	R2=dul:Process_signals:1	undergo a change or development	The water turned into ice | Her former friend became her worst enemy | He turned traitor	oewn-00382272-v	4	1	
oewn-00749644-v	begin	begin	v	dul:Action	propagated_from_hypernym	from oewn-00944022-v[tier1_derivation]	R2	dul:Event	R2:dul:Event	R2=dul:Event_signals:1	begin to speak or say	‘Now listen, friends’, he began	oewn-00944022-v	0	1	
oewn-01072799-v	begin	begin	v	dul:State	propagated_from_hypernym	from oewn-02372362-v[tier1_derivation]	R2	dul:Event	R2:dul:Event	R2=dul:Event_signals:1	begin to speak, understand, read, and write a language	She began Russian at an early age | we began French in fourth grade	oewn-02372362-v	0	1	
oewn-02532175-v	begin	begin	v	dul:Action	propagated_from_hypernym	from oewn-02531751-v[tier1_derivation]	R2	dul:Event	R2:dul:Event	R2=dul:Event_signals:2	achieve or accomplish in the least degree, usually used in the negative	This economic measure doesn't even begin to deal with the problem of inflation | You cannot even begin to understand the problem we had to deal with during the war	oewn-02531751-v	0	1	
oewn-00685199-v	believe	believe	v	dul:Action	propagated_from_hypernym	from oewn-00688348-v[tier2_indirect]	R2	dul:State	R2:dul:State	R2=dul:State_signals:1	accept as true; take to be true	I believed his report | We didn't believe his stories from the War | She believes in spirits	oewn-00688348-v	6	1	
oewn-02551636-v	bell the cat	bell the cat	v	dul:State	propagated_from_hypernym	from oewn-02551275-v[propagated_from_hypernym]	R2	dul:Action	R2:dul:Action	R2=dul:Action_signals:2	take a risk; perform a daring act	Who is going to bell the cat?	oewn-02551275-v	0	1	
oewn-01714049-v	belly dance	belly dance	v	dul:State	propagated_from_hypernym	from oewn-01712535-v[propagated_from_hypernym]	R2	dul:Action	R2:dul:Action	R2=dul:Action_signals:1	perform a belly dance		oewn-01712535-v	0	1	
oewn-00259414-v	bilge	bilge	v	dul:Event	propagated_from_hypernym	from oewn-00259743-v[tier1_derivation]	R2	dul:Action	R2:dul:Action	R2=dul:Action_signals:1	cause to leak	the collision bilged the vessel	oewn-00259743-v	0	1	
oewn-02124916-v	bite	bite|sting|burn	v	dul:Event	tier3_default_event	gloss	R2	dul:Action	R2:dul:Action	R2=dul:Action_signals:1	cause a sharp or stinging pain or discomfort	The sun burned his face	oewn-02126629-v	1	1	
oewn-00242810-v	blast	blast	v	dul:Action	propagated_from_hypernym	from oewn-00242575-v[propagated_from_hypernym]	R2	dul:Process	R2:dul:Process	R2=dul:Process_signals:1	shrivel or wither or mature imperfectly		oewn-00242575-v	0	1	
oewn-02186925-v	blast	blast|blare	v	dul:Event	tier3_default_event	gloss	R2	dul:Action	R2:dul:Action	R2=dul:Action_signals:1	make a strident sound	She tended to blast when speaking into a microphone	oewn-02177332-v	0	1	
oewn-02777278-v	blight	blight|plague	v	dul:Event	propagated_from_hypernym	from oewn-00260813-v[propagated_from_hypernym]	R2	dul:Action	R2:dul:Action	R2=dul:Action_signals:1	cause to suffer a blight	Too much rain may blight the garden with mold	oewn-00260813-v	0	1	
oewn-02140342-v	blow	blow	v	dul:Event	tier3_default_event	gloss	R2	dul:Action	R2:dul:Action	R2=dul:Action_signals:1	make a sound as if blown	The whistle blew	oewn-02180712-v	0	1	
oewn-00375692-v	boil	boil	v	dul:State	propagated_from_hypernym	from oewn-00145958-v[propagated_from_hypernym]	R2	dul:Event	R2:dul:Event	R2=dul:Event_signals:1	come to the boiling point and change from a liquid to vapor	Water boils at 100 degrees Celsius	oewn-00145958-v	1	1	
oewn-00375939-v	boil over	boil over|overboil	v	dul:State	propagated_from_hypernym	from oewn-00375692-v[propagated_from_hypernym]	R2	dul:Action	R2:dul:Action	R2=dul:Action_signals:1	overflow or cause to overflow while boiling	The milk is boiling over	oewn-00375692-v	0	1	
oewn-02179106-v	boom	boom|boom out	v	dul:Event	tier3_default_event	gloss	R2	dul:Action	R2:dul:Action	R2=dul:Action_signals:1	make a deep hollow sound	Her voice booms out the words of the song	oewn-02180712-v	0	1	
oewn-02191956-v	boom	boom|din	v	dul:Event	tier3_default_event	gloss	R2	dul:Action	R2:dul:Action	R2=dul:Action_signals:1	make a resonant sound, like artillery	His deep voice boomed through the hall	oewn-02180712-v	0	1	
oewn-01469607-v	border	border|adjoin|edge|abut|march|butt|butt against|butt on	v	dul:Action	propagated_from_hypernym	from oewn-01208316-v[tier1_derivation]	R2	dul:State	R2:dul:State	R2=dul:State_signals:1	lie adjacent to another or share a boundary	Canada adjoins the U.S. | England marches with Scotland	oewn-01208316-v	1	1	
oewn-02011912-v	bottom out	bottom out	v	dul:State	propagated_from_hypernym	from oewn-02024442-v[propagated_from_hypernym]	R2	dul:Event	R2:dul:Event	R2=dul:Event_signals:1	reach the low point	Prices bottomed out and started to rise again after a while	oewn-02024442-v	0	1	
oewn-01619642-v	bowl	bowl	v	dul:Action	propagated_from_hypernym	from oewn-01509775-v[tier1_derivation]	R2	dul:Event	R2:dul:Event	R2=dul:Event_signals:2	hurl a cricket ball from one end of the pitch towards the batsman at the other end		oewn-01509775-v	0	1	
oewn-00746425-v	break	break	v	dul:Action	propagated_from_hypernym	from oewn-00746223-v[propagated_from_hypernym]	R2	dul:Process	R2:dul:Process	R2=dul:Process_signals:1	undergo breaking	The simple vowels broke in many Germanic languages	oewn-00746223-v	0	1	
oewn-02631268-v	break	break	v	dul:Action	propagated_from_hypernym	from oewn-02631097-v[tier1_derivation]	R2	dul:Event	R2:dul:Event	R2=dul:Event_signals:1	come forth or begin from a state of latency	The first winter storm broke over New York	oewn-02631097-v	0	1	
oewn-02752492-v	break	break	v	dul:Action	propagated_from_hypernym	from oewn-02615799-v[tier1_derivation]	R2	dul:Event	R2:dul:Event	R2=dul:Event_signals:2	come to an end (of an event)	The heat wave finally broke yesterday	oewn-02615799-v	0	1	
oewn-01900477-v	break dance	break dance|break-dance|break	v	dul:State	propagated_from_hypernym	from oewn-01712535-v[propagated_from_hypernym]	R2	dul:Action	R2:dul:Action	R2=dul:Action_signals:1	do a break dance	Kids were break-dancing at the street corner	oewn-01712535-v	0	1	
oewn-02011251-v	break even	break even	v	dul:Action	propagated_from_hypernym	from oewn-02010848-v[propagated_from_hypernym]	R2	dul:Event	R2:dul:Event	R2=dul:Event_signals:1	attain a level at which there is neither gain nor loss, as in business, gambling, or a competitive sport		oewn-02010848-v	0	1	
oewn-00348458-v	break in	break in	v	dul:Action	propagated_from_hypernym	from oewn-00346415-v[tier1_derivation]	R2	dul:Event	R2:dul:Event	R2=dul:Event_signals:1	start in a certain activity, enterprise, or role		oewn-00346415-v	0	1	
oewn-00347612-v	break out	break out	v	dul:Action	propagated_from_hypernym	from oewn-02614382-v[tier1_derivation]	R2	dul:Event	R2:dul:Event	R2=dul:Event_signals:1	begin suddenly and sometimes violently	He broke out shouting	oewn-02614382-v	0	1	
oewn-00331375-v	break up	break up|disperse|scatter	v	dul:State	propagated_from_hypernym	from oewn-00139943-v[propagated_from_hypernym]	R2	dul:Action	R2:dul:Action	R2=dul:Action_signals:1	cause to separate	break up kidney stones | disperse particles	oewn-00139943-v	1	1	
oewn-02436681-v	break with	break with	v	dul:Action	propagated_from_hypernym	from oewn-02436167-v[propagated_from_hypernym]	R2	dul:Event	R2:dul:Event	R2=dul:Event_signals:1	end a relationship	China broke with Russia	oewn-02436167-v	0	1	
oewn-00240640-v	breathe	breathe	v	dul:Process	propagated_from_hypernym	from oewn-00239753-v[tier1_derivation]	R2	dul:Event	R2:dul:Event	R2=dul:Event_signals:1	reach full flavor by absorbing air and being let to stand after having been uncorked	This rare Bordeaux must be allowed to breathe for at least 2 hours	oewn-00239753-v	0	1	
oewn-90011761-v	brick	brick	v	dul:State	propagated_from_hypernym	from oewn-01528083-v[propagated_from_hypernym]	R2	dul:Event	R2:dul:Event	R2=dul:Event_signals:1	To stop working (of an electronic device)		oewn-01528083-v	0	1	
oewn-01632781-v	bring	bring|work|play|wreak|make for	v	dul:Action	propagated_from_hypernym	from oewn-01620211-v[propagated_from_hypernym]	R2	dul:Event	R2:dul:Event	R2=dul:Event_signals:2	cause to happen or to occur as a consequence	I cannot work a miracle | wreak havoc | bring comments | play a joke | The rain brought relief to the drought-stricken area	oewn-01620211-v	1	1	
oewn-01834249-v	bring down	bring down	v	dul:State	propagated_from_hypernym	from oewn-01834134-v[propagated_from_hypernym]	R2	dul:Action	R2:dul:Action	R2=dul:Action_signals:1	cause to be enthusiastic	Her playing brought down the house	oewn-01834134-v	0	1	
oewn-02512927-v	bring oneself	bring oneself	v	dul:State	propagated_from_hypernym	from oewn-02510211-v[tier1_derivation]	R2	dul:Action	R2:dul:Action	R2=dul:Action_signals:2	cause to undertake a certain action, usually used in the negative	He could not bring himself to call his parents	oewn-02510211-v	0	1	
oewn-01268939-v	broom	broom	v	dul:State	propagated_from_hypernym	from oewn-01268553-v[propagated_from_hypernym]	R2	dul:Event	R2:dul:Event	R2=dul:Event_signals:1	finish with a broom		oewn-01268553-v	0	1	
oewn-00358652-v	bud	bud	v	dul:Action	propagated_from_hypernym	from oewn-00252905-v[propagated_from_hypernym]	R2	dul:Process	R2:dul:Process	R2=dul:Process_signals:1	develop buds	The hibiscus is budding!	oewn-00252905-v	0	1	
oewn-00725991-v	budget	budget	v	dul:Process	propagated_from_hypernym	from oewn-00638921-v[propagated_from_hypernym]	R2	dul:Action	R2:dul:Action	R2=dul:Action_signals:1	make a budget		oewn-00638921-v	0	1	
oewn-00227308-v	build	build	v	dul:Action	propagated_from_hypernym	from oewn-00226992-v[propagated_from_hypernym]	R2	dul:Process	R2:dul:Process	R2=dul:Process_signals:1	develop and grow	Suspense was building right from the beginning of the opera	oewn-00226992-v	0	1	
oewn-00253876-v	build up	build up|work up|build|progress	v	dul:Action	propagated_from_hypernym	from oewn-00252905-v[propagated_from_hypernym]	R2	dul:Process	R2:dul:Process	R2=dul:Process_signals:2	form or accumulate steadily	Resistance to the manager's plan built up quickly | Pressure is building up at the Indian-Pakistani border	oewn-00252905-v	0	1	
oewn-01487029-v	bunch	bunch|bundle|cluster|clump	v	dul:State	propagated_from_hypernym	from oewn-00144670-v[propagated_from_hypernym]	R2	dul:Action	R2:dul:Action	R2=dul:Action_signals:1	gather or cause to gather into a cluster	She bunched her fingers into a fist	oewn-00144670-v	1	1	
oewn-00377673-v	burn	burn|combust	v	dul:State	propagated_from_hypernym	from oewn-00145958-v[propagated_from_hypernym]	R2	dul:Process	R2:dul:Process	R2=dul:Process_signals:1	undergo combustion	Maple wood burns well	oewn-00145958-v	7	1	
oewn-02062115-v	bustle	bustle|bustle about|hustle	v	dul:State	propagated_from_hypernym	from oewn-01835473-v[propagated_from_hypernym]	R2	dul:Action	R2:dul:Action	R2=dul:Action_signals:1	move or cause to move energetically or busily	The cheerleaders bustled about excitedly before their performance	oewn-01835473-v	0	1	
oewn-01501352-v	butt	butt	v	dul:Action	propagated_from_hypernym	from oewn-01496967-v[tier1_derivation]	R2	dul:Event	R2:dul:Event	R2=dul:Event_signals:2	place end to end without overlapping	The frames must be butted at the joints	oewn-01496967-v	0	1	
oewn-02186555-v	buzz	buzz|bombinate|bombilate	v	dul:Event	tier3_default_event	gloss	R2	dul:Action	R2:dul:Action	R2=dul:Action_signals:1	make a buzzing sound	bees were buzzing around the hive	oewn-02180712-v	0	1	
oewn-01099271-v	caddie	caddie|caddy	v	dul:State	propagated_from_hypernym	from oewn-01097629-v[propagated_from_hypernym]	R2	dul:Action	R2:dul:Action	R2=dul:Action_signals:1	act as a caddie and carry clubs for a player		oewn-01097629-v	0	1	
oewn-01900650-v	cakewalk	cakewalk	v	dul:State	propagated_from_hypernym	from oewn-01712535-v[propagated_from_hypernym]	R2	dul:Action	R2:dul:Action	R2=dul:Action_signals:1	perform the cakewalk dance		oewn-01712535-v	0	1	
oewn-02649505-v	call	call	v	dul:State	propagated_from_hypernym	from oewn-02648898-v[propagated_from_hypernym]	R2	dul:Event	R2:dul:Event	R2=dul:Event_signals:1	stop or postpone because of adverse conditions, such as bad weather	call a football game	oewn-02648898-v	0	1	
oewn-02687145-v	call it quits	call it quits|call it a day	v	dul:Action	propagated_from_hypernym	from oewn-02686624-v[tier1_derivation]	R2	dul:Event	R2:dul:Event	R2=dul:Event_signals:1	stop doing what one is doing	At midnight, the student decided to call it quits and closed his books	oewn-02686624-v	0	1	
oewn-02607268-v	call the shots	call the shots|call the tune|wear the trousers	v	dul:Action	propagated_from_hypernym	from oewn-02445887-v[propagated_from_hypernym]	R2	dul:State	R2:dul:State	R2=dul:State_signals:1	exercise authority or be in charge	Who is calling the shots in this house?	oewn-02445887-v	0	1	
oewn-01659776-v	cantilever	cantilever	v	dul:Action	propagated_from_hypernym	from oewn-01658171-v[tier1_derivation]	R2	dul:Event	R2:dul:Event	R2=dul:Event_signals:1	construct with girders and beams such that only one end is fixed	Frank Lloyd Wright liked to cantilever his buildings	oewn-01658171-v	0	1	
oewn-02699010-v	cap	cap|crest	v	dul:Event	tier3_default_event	gloss	R2	dul:State	R2:dul:State	R2=dul:State_signals:1	lie at the top of	Snow capped the mountains	oewn-02696550-v	0	1	
oewn-00486366-v	cap off	cap off	v	dul:Action	propagated_from_hypernym	from oewn-00485823-v[propagated_from_hypernym]	R2	dul:Event	R2:dul:Event	R2=dul:Event_signals:2	finish or complete, as with some decisive action	he capped off the meeting with a radical proposal	oewn-00485823-v	0	1	
oewn-00527012-v	capacitate	capacitate	v	dul:State	propagated_from_hypernym	from oewn-00109468-v[propagated_from_hypernym]	R2	dul:Process	R2:dul:Process	R2=dul:Process_signals:1	cause (spermatozoa) to undergo the physical changes necessary to fertilize an egg		oewn-00109468-v	0	1	
oewn-01899161-v	capriole	capriole	v	dul:State	propagated_from_hypernym	from oewn-01898642-v[propagated_from_hypernym]	R2	dul:Action	R2:dul:Action	R2=dul:Action_signals:1	perform a capriole, in ballet		oewn-01898642-v	0	1	
oewn-02498909-v	carouse	carouse|roister|riot	v	dul:State	propagated_from_hypernym	from oewn-02497032-v[propagated_from_hypernym]	R2	dul:Action	R2:dul:Action	R2=dul:Action_signals:1	engage in boisterous, drunken merrymaking	They were out carousing last night	oewn-02497032-v	0	1	
oewn-00350605-v	carry over	carry over	v	dul:Event	tier3_default_event	gloss	R2	dul:State	R2:dul:State	R2=dul:State_signals:1	transfer or persist from one stage or sphere of activity to another		oewn-02653599-v	0	1	
oewn-02207584-v	carry over	carry over|hold over	v	dul:Action	propagated_from_hypernym	from oewn-02207166-v[tier1_derivation]	R2	dul:State	R2:dul:State	R2=dul:State_signals:1	hold over goods to be sold for the next season		oewn-02207166-v	0	1	
oewn-00268405-v	catalyze	catalyze|catalyse	v	dul:State	propagated_from_hypernym	from oewn-00145958-v[propagated_from_hypernym]	R2	dul:Action	R2:dul:Action	R2=dul:Action_signals:1	change by catalysis or cause to catalyze		oewn-00145958-v	0	1	
oewn-00461312-v	catch	catch	v	dul:Action	propagated_from_hypernym	from oewn-00460731-v[tier1_derivation]	R2	dul:State	R2:dul:State	R2=dul:State_signals:1	delay or hold up; prevent from proceeding on schedule or as planned	I was caught in traffic and missed the meeting	oewn-00460731-v	0	1	
oewn-02022224-v	catch	catch|make	v	dul:Action	propagated_from_hypernym	from oewn-02021901-v[propagated_from_hypernym]	R2	dul:Event	R2:dul:Event	R2=dul:Event_signals:1	reach in time	I have to catch a train at 7 o'clock | We barely made the plane	oewn-02021901-v	1	1	
oewn-02767092-v	catch	catch	v	dul:Action	propagated_from_hypernym	from oewn-02766580-v[tier1_derivation]	R2	dul:Event	R2:dul:Event	R2=dul:Event_signals:1	start burning	The fire caught	oewn-02766580-v	0	1	
oewn-02002825-v	catch up	catch up	v	dul:State	propagated_from_hypernym	from oewn-02024442-v[propagated_from_hypernym]	R2	dul:Event	R2:dul:Event	R2=dul:Event_signals:1	reach the point where one should be after a delay	I caught up on my homework	oewn-02024442-v	1	1	
oewn-02326225-v	chalk up	chalk up|run up	v	dul:State	propagated_from_hypernym	from oewn-02258963-v[propagated_from_hypernym]	R2	dul:Process	R2:dul:Process	R2=dul:Process_signals:1	accumulate, sometimes as a debt	he chalked up $100 in the course of the evening	oewn-02258963-v	0	1	
oewn-00109468-v	change	change	v	dul:State	propagated_from_hypernym	from oewn-02372362-v[tier1_derivation]	R2	dul:Process	R2:dul:Process	R2=dul:Process_signals:1	undergo a change; become different in essence; losing one's or its original nature	She changed completely as she grew older | The weather changed last night	oewn-02372362-v	197	1	
oewn-01989438-v	charge	charge	v	dul:Action	propagated_from_hypernym	from oewn-01989043-v[tier2_indirect]	R2	dul:State	R2:dul:State	R2=dul:State_signals:1	lie down on command, of hunting dogs		oewn-01989043-v	0	1	
oewn-01899020-v	chasse	chasse|sashay	v	dul:State	propagated_from_hypernym	from oewn-01898642-v[propagated_from_hypernym]	R2	dul:Action	R2:dul:Action	R2=dul:Action_signals:1	perform a chasse step, in ballet		oewn-01898642-v	0	1	
oewn-02686501-v	cheese	cheese	v	dul:Action	propagated_from_hypernym	from oewn-02686624-v[tier1_derivation]	R2	dul:Event	R2:dul:Event	R2=dul:Event_signals:1	used in the imperative (get away, or stop it)	Cheese it!	oewn-02686624-v	0	1	
oewn-00180460-v	chip away	chip away|chip away at	v	dul:Action	propagated_from_hypernym	from oewn-00173351-v[tier1_derivation]	R2	dul:Process	R2:dul:Process	R2=dul:Process_signals:1	remove or withdraw gradually:		oewn-00173351-v	0	1	
oewn-02535335-v	choke	choke	v	dul:State	propagated_from_hypernym	from oewn-02534950-v[propagated_from_hypernym]	R2	dul:Action	R2:dul:Action	R2=dul:Action_signals:1	fail to perform adequately due to tension or agitation	The team should have won hands down but choked, disappointing the coach and the audience	oewn-02534950-v	0	1	
oewn-02183816-v	chug	chug	v	dul:Event	tier3_default_event	gloss	R2	dul:Action	R2:dul:Action	R2=dul:Action_signals:1	make a dull, explosive sound	the engine chugged down the street	oewn-02180712-v	0	1	
oewn-02083398-v	church	church	v	dul:State	propagated_from_hypernym	from oewn-02379855-v[propagated_from_hypernym]	R2	dul:Action	R2:dul:Action	R2=dul:Action_signals:1	perform a special church rite or service for	church a woman after childbirth	oewn-02379855-v	0	1	
oewn-00136481-v	citrate	citrate	v	dul:State	propagated_from_hypernym	from oewn-00145958-v[propagated_from_hypernym]	R2	dul:Action	R2:dul:Action	R2=dul:Action_signals:1	cause to form a salt or ester of citric acid		oewn-00145958-v	0	1	
oewn-00758383-v	claim	claim	v	dul:Action	propagated_from_hypernym	from oewn-01013752-v[tier1_derivation]	R2	dul:State	R2:dul:State	R2=dul:State_signals:1	assert or affirm strongly; state to be true or existing	He claimed that he killed the burglar	oewn-01013752-v	6	1	
oewn-02178559-v	clang	clang|clangor	v	dul:Event	tier3_default_event	gloss	R2	dul:Action	R2:dul:Action	R2=dul:Action_signals:1	make a loud noise	clanging metal	oewn-02180712-v	0	1	
oewn-02178905-v	clangor	clangor|clangour	v	dul:Event	tier3_default_event	gloss	R2	dul:Action	R2:dul:Action	R2=dul:Action_signals:1	make a loud resonant noise	the alarm clangored throughout the building	oewn-02180712-v	0	1	
oewn-02178755-v	clank	clank	v	dul:Event	tier3_default_event	gloss	R2	dul:Action	R2:dul:Action	R2=dul:Action_signals:1	make a clank	the train clanked through the village	oewn-02180712-v	0	1	
oewn-02176571-v	clatter	clatter|clack|brattle	v	dul:Event	tier3_default_event	gloss	R2	dul:Action	R2:dul:Action	R2=dul:Action_signals:1	make a rattling sound	clattering dishes	oewn-02177332-v	0	1	
oewn-02259479-v	clean up	clean up	v	dul:State	propagated_from_hypernym	from oewn-02259066-v[propagated_from_hypernym]	R2	dul:Event	R2:dul:Event	R2=dul:Event_signals:1	finish attending to		oewn-02259066-v	0	1	
oewn-02190110-v	click	click|tick	v	dul:Event	tier3_default_event	gloss	R2	dul:Action	R2:dul:Action	R2=dul:Action_signals:1	make a clicking or ticking sound	The clock ticked away	oewn-02180712-v	0	1	
oewn-01575974-v	clinch	clinch	v	dul:Action	propagated_from_hypernym	from oewn-01219234-v[tier1_derivation]	R2	dul:State	R2:dul:State	R2=dul:State_signals:1	hold a boxing opponent with one or both arms so as to prevent punches		oewn-01219234-v	0	1	
oewn-01218895-v	cling	cling|hang	v	dul:Action	propagated_from_hypernym	from oewn-01218568-v[tier1_derivation]	R2	dul:State	R2:dul:State	R2=dul:State_signals:1	hold on tightly or tenaciously	hang on to your father's hands | The child clung to his mother's apron	oewn-01218568-v	0	1	
oewn-00293639-v	clip	clip|curtail|cut short	v	dul:Action	propagated_from_hypernym	from oewn-00317569-v[propagated_from_hypernym]	R2	dul:Event	R2:dul:Event	R2=dul:Event_signals:1	terminate or abbreviate before its intended or proper end or its full extent	My speech was cut short | Personal freedom is curtailed in many countries	oewn-00317569-v	0	1	
oewn-00352791-v	close	close	v	dul:Action	propagated_from_hypernym	from oewn-00485097-v[tier1_derivation]	R2	dul:Event	R2:dul:Event	R2=dul:Event_signals:1	finish a game in baseball by protecting a lead	The relief pitcher closed with two runs in the second inning	oewn-00485097-v	0	1	
oewn-00765876-v	close	close	v	dul:Action	propagated_from_hypernym	from oewn-00353480-v[tier1_derivation]	R2	dul:Event	R2:dul:Event	R2=dul:Event_signals:1	complete a business deal, negotiation, or an agreement	We closed on the house on Friday | They closed the deal on the building	oewn-00353480-v	0	1	
oewn-02430760-v	close	close	v	dul:Action	propagated_from_hypernym	from oewn-00353480-v[tier1_derivation]	R2	dul:Event	R2:dul:Event	R2=dul:Event_signals:1	finish or terminate (meetings, speeches, etc.)	The meeting was closed with a charge by the chairman of the board	oewn-00353480-v	0	1	
oewn-00352373-v	close out	close out	v	dul:Action	propagated_from_hypernym	from oewn-00353480-v[tier1_derivation]	R2	dul:Event	R2:dul:Event	R2=dul:Event_signals:1	to finish off	We closed out our account	oewn-00353480-v	0	1	
oewn-01042933-v	close up	close up|clam up|dummy up|shut up|belt up|button up|be quiet|keep mum	v	dul:State	propagated_from_hypernym	from oewn-02731589-v[tier2_indirect]	R2	dul:Event	R2:dul:Event	R2=dul:Event_signals:1	refuse to talk or stop talking; fall silent	The children shut up when their father approached	oewn-02731589-v	0	1	
oewn-00105532-v	clown	clown|clown around|antic	v	dul:State	propagated_from_hypernym	from oewn-00105308-v[propagated_from_hypernym]	R2	dul:Action	R2:dul:Action	R2=dul:Action_signals:1	act as or like a clown		oewn-00105308-v	0	1	
oewn-02422198-v	coact	coact	v	dul:State	propagated_from_hypernym	from oewn-02372362-v[tier1_derivation]	R2	dul:Action	R2:dul:Action	R2=dul:Action_signals:1	act together, as of organisms		oewn-02372362-v	0	1	
oewn-02610484-v	coexist	coexist|cohabit	v	dul:Event	tier3_default_event	gloss	R2	dul:State	R2:dul:State	R2=dul:State_signals:1	exist together		oewn-02609706-v	2	1	
oewn-02618645-v	collocate	collocate	v	dul:State	propagated_from_hypernym	from oewn-02618403-v[propagated_from_hypernym]	R2	dul:Event	R2:dul:Event	R2=dul:Event_signals:1	have a strong tendency to occur side by side	The words ‘new’ and ‘world’ collocate	oewn-02618403-v	0	1	
oewn-02666897-v	collocate with	collocate with|construe with|cooccur with|co-occur with|go with	v	dul:State	propagated_from_hypernym	from oewn-02722040-v[propagated_from_hypernym]	R2	dul:Event	R2:dul:Event	R2=dul:Event_signals:1	go or occur together	The word ‘hot’ tends to cooccur with ‘cold’	oewn-02722040-v	0	1	
oewn-01790238-v	combust	combust	v	dul:State	propagated_from_hypernym	from oewn-01789790-v[tier1_derivation]	R2	dul:Action	R2:dul:Action	R2=dul:Action_signals:1	cause to become violent or angry	Riots combusted Pakistan after the U.S. air attacks on Afghanistan	oewn-01789790-v	0	1	
oewn-00543200-v	come	come	v	dul:State	propagated_from_hypernym	from oewn-00109468-v[propagated_from_hypernym]	R2	dul:Event	R2:dul:Event	R2=dul:Event_signals:1	reach or enter a state, relation, condition, use, or position	The water came to a boil | We came to understand the true meaning of life | Their anger came to a boil | I came to realize the true meaning of life | The shoes came untied | come into contact with a terrorist group | his face went red | your wish wil	oewn-00109468-v	1	1	
oewn-02379065-v	come close	come close	v	dul:State	propagated_from_hypernym	from oewn-02372362-v[tier1_derivation]	R2	dul:Action	R2:dul:Action	R2=dul:Action_signals:1	nearly do something	She came close to quitting her job	oewn-02372362-v	0	1	
oewn-02546142-v	come of age	come of age	v	dul:Action	propagated_from_hypernym	from oewn-02546044-v[propagated_from_hypernym]	R2	dul:Event	R2:dul:Event	R2=dul:Event_signals:1	reach a certain age that marks a transition to maturity		oewn-02546044-v	0	1	
oewn-00348757-v	come on	come on	v	dul:Action	propagated_from_hypernym	from oewn-00346415-v[tier1_derivation]	R2	dul:Event	R2:dul:Event	R2=dul:Event_signals:1	occur or become available	water or electricity came on again after the earthquake	oewn-00346415-v	0	1	
oewn-00424655-v	come on	come on|come out|turn up|surface|show up	v	dul:Event	propagated_from_hypernym	from oewn-00423043-v[tier1_derivation]	R2	dul:Action	R2:dul:Action	R2=dul:Action_signals:1	appear or become visible; make a showing	She turned up at the funeral | I hope the list key is going to surface again	oewn-00423043-v	0	1	
oewn-02532477-v	come to	come to|strike	v	dul:Action	propagated_from_hypernym	from oewn-02531751-v[tier1_derivation]	R2	dul:Event	R2:dul:Event	R2=dul:Event_signals:1	attain	The horse finally struck a pace	oewn-02531751-v	0	1	
oewn-00762232-v	commune	commune	v	dul:Action	propagated_from_hypernym	from oewn-00742582-v[tier1_derivation]	R2	dul:State	R2:dul:State	R2=dul:State_signals:1	communicate intimately with; be in a state of heightened, intimate receptivity	He seemed to commune with nature	oewn-00742582-v	1	1	
oewn-00139187-v	commutate	commutate	v	dul:State	propagated_from_hypernym	from oewn-00138328-v[propagated_from_hypernym]	R2	dul:Action	R2:dul:Action	R2=dul:Action_signals:1	reverse the direction of (an alternating electric current) each half cycle so as to produce a unidirectional current		oewn-00138328-v	0	1	
oewn-01486664-v	compact	compact|pack	v	dul:Event	tier3_default_event	gloss	R2	dul:State	R2:dul:State	R2=dul:State_signals:1	have the property of being packable or of compacting easily	This powder compacts easily | Such odd-shaped items do not pack well	oewn-02661230-v	0	1	
oewn-02532751-v	compass	compass	v	dul:Action	propagated_from_hypernym	from oewn-02531751-v[tier1_derivation]	R2	dul:Event	R2:dul:Event	R2=dul:Event_signals:1	bring about; accomplish	This writer attempts more than his talents can compass	oewn-02531751-v	0	1	
oewn-00456874-v	complement	complement	v	dul:Action	propagated_from_hypernym	from oewn-02678923-v[propagated_from_hypernym]	R2	dul:Event	R2:dul:Event	R2=dul:Event_signals:1	make complete or perfect; supply what is wanting or form the complement to	I need some pepper to complement the sweet touch in the soup	oewn-02678923-v	0	1	
oewn-01119902-v	complete	complete|nail	v	dul:Action	propagated_from_hypernym	from oewn-01075360-v[propagated_from_hypernym]	R2	dul:Event	R2:dul:Event	R2=dul:Event_signals:1	complete a pass		oewn-01075360-v	0	1	
oewn-00402279-v	complexify	complexify|ramify	v	dul:State	propagated_from_hypernym	from oewn-00109468-v[propagated_from_hypernym]	R2	dul:Process	R2:dul:Process	R2=dul:Process_signals:1	have or develop complicating consequences	These actions will ramify	oewn-00109468-v	0	1	
oewn-01073784-v	conclude	conclude	v	dul:State	propagated_from_hypernym	from oewn-01037402-v[propagated_from_hypernym]	R2	dul:Event	R2:dul:Event	R2=dul:Event_signals:1	reach agreement on	They concluded an economic agreement | We concluded a cease-fire	oewn-01037402-v	0	1	
oewn-02616663-v	conclude	conclude|close	v	dul:Action	propagated_from_hypernym	from oewn-02615799-v[tier1_derivation]	R2	dul:Event	R2:dul:Event	R2=dul:Event_signals:1	come to a close	The concert closed with a nocturne by Chopin	oewn-02615799-v	0	1	
oewn-02523493-v	condescend	condescend|stoop|lower oneself	v	dul:State	propagated_from_hypernym	from oewn-02372362-v[tier1_derivation]	R2	dul:Action	R2:dul:Action	R2=dul:Action_signals:1	debase oneself morally, act in an undignified, unworthy, or dishonorable way	I won't stoop to reading other people's mail	oewn-02372362-v	0	1	
oewn-02597468-v	condescend	condescend|deign|descend	v	dul:State	propagated_from_hypernym	from oewn-02372362-v[tier1_derivation]	R2	dul:Action	R2:dul:Action	R2=dul:Action_signals:1	do something that one considers to be below one's dignity		oewn-02372362-v	0	1	
oewn-00708804-v	conspire	conspire|cabal|complot|conjure|machinate	v	dul:Process	propagated_from_hypernym	from oewn-00709957-v[propagated_from_hypernym]	R2	dul:Action	R2:dul:Action	R2=dul:Action_signals:1	engage in plotting or enter into a conspiracy, swear together	They conspired to overthrow the government	oewn-00709957-v	1	1	
oewn-00709453-v	conspire	conspire|collude	v	dul:State	propagated_from_hypernym	from oewn-02382049-v[propagated_from_hypernym]	R2	dul:Action	R2:dul:Action	R2=dul:Action_signals:1	act in unison or agreement and in secret towards a deceitful or illegal purpose	The two companies conspired to cause the value of the stock to fall	oewn-02382049-v	0	1	
oewn-00118331-v	continue	continue	v	dul:Event	tier3_default_event	gloss	R2	dul:State	R2:dul:State	R2=dul:State_signals:1	exist over a prolonged period of time	The bad weather continued for two more weeks	oewn-02609706-v	3	1	
oewn-01900288-v	contradance	contradance|country-dance|contredanse|contra danse	v	dul:State	propagated_from_hypernym	from oewn-01712535-v[propagated_from_hypernym]	R2	dul:Action	R2:dul:Action	R2=dul:Action_signals:1	perform a contradance		oewn-01712535-v	0	1	
oewn-00114645-v	convert	convert	v	dul:State	propagated_from_hypernym	from oewn-00109468-v[propagated_from_hypernym]	R2	dul:Process	R2:dul:Process	R2=dul:Process_signals:1	change in nature, purpose, or function; undergo a chemical change	The substance converts to an acid	oewn-00109468-v	4	1	
oewn-01087277-v	convert	convert	v	dul:Action	propagated_from_hypernym	from oewn-01114241-v[tier1_derivation]	R2	dul:Event	R2:dul:Event	R2=dul:Event_signals:1	score an extra point or points after touchdown by kicking the ball through the uprights or advancing the ball into the end zone	Smith converted and his team won	oewn-01114241-v	0	1	
oewn-00324178-v	cook	cook	v	dul:Action	propagated_from_hypernym	from oewn-00126072-v[tier1_derivation]	R2	dul:Process	R2:dul:Process	R2=dul:Process_signals:1	transform by heating	The apothecary cooked the medicinal mixture in a big iron kettle	oewn-00126072-v	0	1	
oewn-00709319-v	counterplot	counterplot	v	dul:Process	propagated_from_hypernym	from oewn-00709957-v[propagated_from_hypernym]	R2	dul:Action	R2:dul:Action	R2=dul:Action_signals:1	make a plot in response to another plot		oewn-00709957-v	0	1	
oewn-02540427-v	court	court	v	dul:State	propagated_from_hypernym	from oewn-02372362-v[tier1_derivation]	R2	dul:Action	R2:dul:Action	R2=dul:Action_signals:1	engage in social activities leading to marriage	We were courting for over ten years	oewn-02372362-v	0	1	
oewn-01131627-v	cover	cover	v	dul:Action	propagated_from_hypernym	from oewn-01130619-v[tier1_derivation]	R2	dul:State	R2:dul:State	R2=dul:State_signals:1	hold within range of an aimed firearm		oewn-01130619-v	0	1	
oewn-02451998-v	cox	cox	v	dul:State	propagated_from_hypernym	from oewn-02450790-v[propagated_from_hypernym]	R2	dul:Action	R2:dul:Action	R2=dul:Action_signals:1	act as the coxswain, in a boat race		oewn-02450790-v	0	1	
oewn-02187470-v	crack	crack	v	dul:Event	tier3_default_event	gloss	R2	dul:Action	R2:dul:Action	R2=dul:Action_signals:1	make a very sharp explosive sound	His gun cracked	oewn-02180712-v	0	1	
oewn-00122456-v	crackle	crackle	v	dul:State	propagated_from_hypernym	from oewn-00122978-v[propagated_from_hypernym]	R2	dul:Action	R2:dul:Action	R2=dul:Action_signals:1	to become, or to cause to become, covered with a network of small cracks	The blazing sun crackled the desert sand	oewn-00122978-v	0	1	
oewn-01224741-v	cradle	cradle	v	dul:Action	propagated_from_hypernym	from oewn-01219234-v[tier1_derivation]	R2	dul:State	R2:dul:State	R2=dul:State_signals:1	hold gently and carefully	He cradles the child in his arms	oewn-01219234-v	0	1	
oewn-01880728-v	cradle	cradle	v	dul:Action	propagated_from_hypernym	from oewn-01219234-v[tier1_derivation]	R2	dul:State	R2:dul:State	R2=dul:State_signals:1	hold or place in or as if in a cradle	He cradled the infant in his arms	oewn-01219234-v	0	1	
oewn-01862782-v	crank	crank|crank up	v	dul:Action	propagated_from_hypernym	from oewn-01861703-v[tier1_derivation]	R2	dul:Event	R2:dul:Event	R2=dul:Event_signals:1	start by cranking	crank up the engine	oewn-01861703-v	0	1	
oewn-00435872-v	crash	crash|go down	v	dul:State	propagated_from_hypernym	from oewn-00435327-v[propagated_from_hypernym]	R2	dul:Event	R2:dul:Event	R2=dul:Event_signals:1	stop operating	My computer crashed last night | The system goes down at least once a week	oewn-00435327-v	0	1	
oewn-00584141-v	crash	crash	v	dul:State	propagated_from_hypernym	from oewn-00109468-v[propagated_from_hypernym]	R2	dul:Process	R2:dul:Process	R2=dul:Process_signals:1	undergo a sudden and severe downturn	the economy crashed | will the stock market crash again?	oewn-00109468-v	0	1	
oewn-02181956-v	crash	crash	v	dul:Event	tier3_default_event	gloss	R2	dul:Action	R2:dul:Action	R2=dul:Action_signals:1	make a sudden loud sound	the waves crashed on the shore and kept us awake all night	oewn-02180712-v	0	1	
oewn-01889838-v	crawl	crawl|creep	v	dul:Action	propagated_from_hypernym	from oewn-01839438-v[tier1_derivation]	R2	dul:Process	R2:dul:Process	R2=dul:Process_signals:1	move slowly; in the case of people or animals with the body near the ground	The crocodile was crawling along the riverbed	oewn-01839438-v	1	1	
oewn-00338378-v	craze	craze	v	dul:State	propagated_from_hypernym	from oewn-00338044-v[propagated_from_hypernym]	R2	dul:Process	R2:dul:Process	R2=dul:Process_signals:1	develop a fine network of cracks	Crazed ceramics	oewn-00338044-v	0	1	
oewn-00116173-v	creolize	creolize	v	dul:State	propagated_from_hypernym	from oewn-00109468-v[propagated_from_hypernym]	R2	dul:Process	R2:dul:Process	R2=dul:Process_signals:1	develop into a creole	pidgins often creolize	oewn-00109468-v	0	1	
oewn-02179828-v	crepitate	crepitate|crackle	v	dul:Event	tier3_default_event	gloss	R2	dul:Action	R2:dul:Action	R2=dul:Action_signals:1	make a crackling sound	My Rice Krispies crackled in the bowl	oewn-02179501-v	0	1	
oewn-02011791-v	crest	crest	v	dul:State	propagated_from_hypernym	from oewn-02012080-v[propagated_from_hypernym]	R2	dul:Event	R2:dul:Event	R2=dul:Event_signals:1	reach a high point	The river crested last night	oewn-02012080-v	0	1	
oewn-01279364-v	crisscross	crisscross	v	dul:Action	propagated_from_hypernym	from oewn-01278925-v[tier1_derivation]	R2	dul:State	R2:dul:State	R2=dul:State_signals:1	mark with or consist of a pattern of crossed lines	wrinkles crisscrossed her face	oewn-01278925-v	0	1	
oewn-01098508-v	criticize	criticize|criticise	v	dul:State	propagated_from_hypernym	from oewn-01098310-v[propagated_from_hypernym]	R2	dul:Action	R2:dul:Action	R2=dul:Action_signals:1	act as a critic	Those who criticize others often are not perfect, either	oewn-01098310-v	0	1	
oewn-02038516-v	crook	crook|curve	v	dul:State	propagated_from_hypernym	from oewn-02039764-v[propagated_from_hypernym]	R2	dul:Action	R2:dul:Action	R2=dul:Action_signals:1	bend or cause to bend	He crooked his index finger | the road curved sharply	oewn-02039764-v	1	1	
oewn-00053606-v	cross-fertilize	cross-fertilize|cross-fertilise	v	dul:State	propagated_from_hypernym	from oewn-00145958-v[propagated_from_hypernym]	R2	dul:Process	R2:dul:Process	R2=dul:Process_signals:1	undergo cross-fertilization; become fertile		oewn-00145958-v	0	1	
oewn-02189243-v	crump	crump|thud|scrunch	v	dul:Event	tier3_default_event	gloss	R2	dul:Action	R2:dul:Action	R2=dul:Action_signals:1	make a noise typical of an engine lacking lubricants		oewn-01060096-v	0	1	
oewn-01060096-v	crunch	crunch|scranch|scraunch|crackle	v	dul:Event	tier3_default_event	gloss	R2	dul:Action	R2:dul:Action	R2=dul:Action_signals:1	make a crushing noise	his shoes were crunching on the gravel	oewn-02177332-v	1	1	
oewn-00446895-v	crystallize	crystallize|crystallise|crystalize|crystalise	v	dul:State	propagated_from_hypernym	from oewn-00139943-v[propagated_from_hypernym]	R2	dul:Action	R2:dul:Action	R2=dul:Action_signals:1	cause to form crystals or assume crystalline form	crystallize minerals	oewn-00139943-v	0	1	
oewn-01428162-v	cuddle	cuddle	v	dul:Action	propagated_from_hypernym	from oewn-01427110-v[tier1_derivation]	R2	dul:State	R2:dul:State	R2=dul:State_signals:1	hold (a person or thing) close, as for affection, comfort, or warmth	I cuddled the baby	oewn-01427110-v	0	1	
oewn-00486540-v	culminate	culminate|climax	v	dul:Action	propagated_from_hypernym	from oewn-02615799-v[tier1_derivation]	R2	dul:Event	R2:dul:Event	R2=dul:Event_signals:2	end, especially to reach a final or climactic stage	The meeting culminated in a tearful embrace	oewn-02615799-v	1	1	
oewn-02025625-v	culminate	culminate	v	dul:State	propagated_from_hypernym	from oewn-02024442-v[propagated_from_hypernym]	R2	dul:Event	R2:dul:Event	R2=dul:Event_signals:1	reach the highest altitude or the meridian, of a celestial body		oewn-02024442-v	0	1	
oewn-02532600-v	culminate	culminate	v	dul:Action	propagated_from_hypernym	from oewn-02531751-v[tier1_derivation]	R2	dul:Event	R2:dul:Event	R2=dul:Event_signals:1	reach the highest or most decisive point		oewn-02531751-v	0	1	
oewn-00293269-v	cut	cut|cut off	v	dul:Action	propagated_from_hypernym	from oewn-00780320-v[propagated_from_hypernym]	R2	dul:Event	R2:dul:Event	R2=dul:Event_signals:1	cease, stop	cut the noise | We had to cut short the conversation	oewn-00780320-v	0	1	
oewn-01443265-v	cut off	cut off|cut out	v	dul:Action	propagated_from_hypernym	from oewn-01442997-v[tier1_derivation]	R2	dul:Event	R2:dul:Event	R2=dul:Event_signals:1	cut off and stop	The bicyclist was cut out by the van	oewn-01442997-v	0	1	
oewn-00363458-v	cut short	cut short|break short|break off	v	dul:Action	propagated_from_hypernym	from oewn-00364717-v[propagated_from_hypernym]	R2	dul:Event	R2:dul:Event	R2=dul:Event_signals:1	interrupt before its natural or planned end	We had to cut short our vacation	oewn-00364717-v	1	1	
oewn-02055368-v	cycle on	cycle on	v	dul:Action	propagated_from_hypernym	from oewn-02055194-v[propagated_from_hypernym]	R2	dul:Event	R2:dul:Event	R2=dul:Event_signals:1	come to the starting point of a cycle		oewn-02055194-v	0	1	
oewn-90003682-v	dab	dab	v	dul:State	propagated_from_hypernym	from oewn-01898642-v[propagated_from_hypernym]	R2	dul:Action	R2:dul:Action	R2=dul:Action_signals:1	to perform a dance move in which the dancer simultaneously drops the head while raising an arm and the elbow in a gesture that has been noted to resemble sneezing		oewn-01898642-v	0	1	
oewn-01712535-v	dance	dance|trip the light fantastic|trip the light fantastic toe	v	dul:State	propagated_from_hypernym	from oewn-01835473-v[propagated_from_hypernym]	R2	dul:Action	R2:dul:Action	R2=dul:Action_signals:1	move in a pattern; usually to musical accompaniment; do or perform a dance	My husband and I like to dance at home to the radio	oewn-01835473-v	39	1	
oewn-02550742-v	dare	dare	v	dul:State	propagated_from_hypernym	from oewn-02372362-v[tier1_derivation]	R2	dul:Action	R2:dul:Action	R2=dul:Action_signals:1	to be courageous enough to try or do something	I don't dare call him | she dares to dress differently from the others	oewn-02372362-v	0	1	
oewn-02615649-v	dawn	dawn	v	dul:Action	propagated_from_hypernym	from oewn-02614382-v[tier1_derivation]	R2	dul:Process	R2:dul:Process	R2=dul:Process_signals:1	appear or develop	The age of computers had dawned	oewn-02614382-v	0	1	
oewn-00209244-v	decay	decay|crumble|dilapidate	v	dul:State	propagated_from_hypernym	from oewn-00109468-v[propagated_from_hypernym]	R2	dul:Process	R2:dul:Process	R2=dul:Process_signals:1	fall into decay or ruin	The unoccupied house started to decay	oewn-00109468-v	7	1	
oewn-00553892-v	decay	decay	v	dul:State	propagated_from_hypernym	from oewn-00109468-v[propagated_from_hypernym]	R2	dul:Process	R2:dul:Process	R2=dul:Process_signals:2	undergo decay or decomposition	The body started to decay and needed to be cremated	oewn-00109468-v	4	1	
oewn-00122293-v	decrepitate	decrepitate	v	dul:State	propagated_from_hypernym	from oewn-00109468-v[propagated_from_hypernym]	R2	dul:Process	R2:dul:Process	R2=dul:Process_signals:1	undergo decrepitation and crackle	The salt decrepitated	oewn-00109468-v	0	1	
oewn-02558699-v	defibrillate	defibrillate	v	dul:State	propagated_from_hypernym	from oewn-02558146-v[tier1_derivation]	R2	dul:Event	R2:dul:Event	R2=dul:Event_signals:1	stop the fibrillation and restore normal contractions, usually by means of electric shocks	The patient's heart had to be defibrillated to save his life	oewn-02558146-v	0	1	
oewn-02648041-v	delay	delay	v	dul:State	propagated_from_hypernym	from oewn-02647547-v[propagated_from_hypernym]	R2	dul:Action	R2:dul:Action	R2=dul:Action_signals:1	act later than planned, scheduled, or required	Don't delay your application to graduate school or else it won't be considered	oewn-02647547-v	3	1	
oewn-00554130-v	deliquesce	deliquesce	v	dul:State	propagated_from_hypernym	from oewn-00553892-v[propagated_from_hypernym]	R2	dul:Process	R2:dul:Process	R2=dul:Process_signals:1	melt away in the process of decay	The fungi eventually deliquesced	oewn-00553892-v	0	1	
oewn-00252501-v	derive	derive|educe	v	dul:Action	propagated_from_hypernym	from oewn-01620211-v[propagated_from_hypernym]	R2	dul:Process	R2:dul:Process	R2=dul:Process_signals:2	develop or evolve from a latent or potential state		oewn-01620211-v	1	1	
oewn-00395469-v	desynchronize	desynchronize|desynchronise	v	dul:State	propagated_from_hypernym	from oewn-00138328-v[propagated_from_hypernym]	R2	dul:Action	R2:dul:Action	R2=dul:Action_signals:2	cause to become desynchronized; cause to occur at unrelated times		oewn-00138328-v	0	1	
oewn-01302344-v	detach	detach|come off|come away	v	dul:State	propagated_from_hypernym	from oewn-01560556-v[propagated_from_hypernym]	R2	dul:Event	R2:dul:Event	R2=dul:Event_signals:1	come to be detached	His retina detached and he had to be rushed into surgery	oewn-01560556-v	4	1	
oewn-00252905-v	develop	develop	v	dul:Action	propagated_from_hypernym	from oewn-00231172-v[propagated_from_hypernym]	R2	dul:Process	R2:dul:Process	R2=dul:Process_signals:1	grow, progress, unfold, or evolve through a process of evolution, natural growth, differentiation, or a conducive environment	A flower developed on the branch | The country developed into a mighty superpower | The embryo develops into a fetus | This situation has developed over a long time	oewn-00231172-v	15	1	
oewn-00544490-v	develop	develop|grow	v	dul:State	propagated_from_hypernym	from oewn-00109468-v[propagated_from_hypernym]	R2	dul:Process	R2:dul:Process	R2=dul:Process_signals:1	grow emotionally or mature	The child developed beautifully in her new kindergarten | When he spent a summer at camp, the boy grew noticeably and no longer showed some of his old adolescent behavior	oewn-00109468-v	2	1	
oewn-01630984-v	develop	develop	v	dul:Action	propagated_from_hypernym	from oewn-01630392-v[propagated_from_hypernym]	R2	dul:Process	R2:dul:Process	R2=dul:Process_signals:1	generate gradually	We must develop more potential customers | develop a market for the new mobile phone	oewn-01630392-v	1	1	
oewn-00522954-v	diagonalize	diagonalize|diagonalise	v	dul:Action	propagated_from_hypernym	from oewn-00384213-v[tier1_derivation]	R2	dul:Process	R2:dul:Process	R2=dul:Process_signals:1	transform a matrix to a diagonal matrix		oewn-00384213-v	0	1	
oewn-00355499-v	die	die	v	dul:Action	propagated_from_hypernym	from oewn-00427911-v[tier1_derivation]	R2	dul:Event	R2:dul:Event	R2=dul:Event_signals:2	disappear or come to an end	Their anger died | My secret will die with me!	oewn-00427911-v	0	1	
oewn-01077307-v	die	die	v	dul:Action	propagated_from_hypernym	from oewn-01075360-v[propagated_from_hypernym]	R2	dul:Event	R2:dul:Event	R2=dul:Event_signals:1	to be on base at the end of an inning, of a player		oewn-01075360-v	0	1	
oewn-02033650-v	diffract	diffract	v	dul:Action	propagated_from_hypernym	from oewn-02034003-v[tier1_derivation]	R2	dul:Process	R2:dul:Process	R2=dul:Process_signals:1	undergo diffraction	laser light diffracts electrons	oewn-02034003-v	0	1	
oewn-00547689-v	dinge	dinge|batter	v	dul:State	propagated_from_hypernym	from oewn-00140787-v[propagated_from_hypernym]	R2	dul:Action	R2:dul:Action	R2=dul:Action_signals:1	make a dent or impression in	dinge a soft hat	oewn-00140787-v	0	1	
oewn-00902491-v	dismiss	dismiss|usher out	v	dul:Action	propagated_from_hypernym	from oewn-00902724-v[propagated_from_hypernym]	R2	dul:Event	R2:dul:Event	R2=dul:Event_signals:1	end one's encounter with somebody by causing or permitting the person to leave	I was dismissed after I gave my report	oewn-00902724-v	0	1	
oewn-02471362-v	dismiss	dismiss|send packing|send away|drop	v	dul:Action	propagated_from_hypernym	from oewn-02407967-v[tier2_indirect]	R2	dul:Event	R2:dul:Event	R2=dul:Event_signals:1	stop associating with	They dropped her after she had a child out of wedlock	oewn-02407967-v	0	1	
oewn-00696407-v	disrespect	disrespect|disesteem	v	dul:Process	propagated_from_hypernym	from oewn-00692380-v[propagated_from_hypernym]	R2	dul:State	R2:dul:State	R2=dul:State_signals:1	have little or no respect for; hold in contempt		oewn-00692380-v	1	1	
oewn-00210024-v	dissociate	dissociate	v	dul:State	propagated_from_hypernym	from oewn-00209582-v[propagated_from_hypernym]	R2	dul:Process	R2:dul:Process	R2=dul:Process_signals:1	to undergo a reversible or temporary breakdown of a molecule into simpler molecules or atoms	acids dissociate to give hydrogen ions	oewn-00209582-v	0	1	
oewn-00356457-v	dissolve	dissolve|break up	v	dul:Action	propagated_from_hypernym	from oewn-00353480-v[tier1_derivation]	R2	dul:Event	R2:dul:Event	R2=dul:Event_signals:2	come to an end (of a state)	Their marriage dissolved | The tobacco monopoly broke up	oewn-00353480-v	0	1	
oewn-00437621-v	diversify	diversify|radiate	v	dul:State	propagated_from_hypernym	from oewn-00122978-v[propagated_from_hypernym]	R2	dul:Action	R2:dul:Action	R2=dul:Action_signals:1	spread into new habitats and produce variety or variegate	The plants on this island diversified	oewn-00122978-v	0	1	
oewn-00643760-v	divide	divide|fraction	v	dul:Process	propagated_from_hypernym	from oewn-00638921-v[propagated_from_hypernym]	R2	dul:Action	R2:dul:Action	R2=dul:Action_signals:1	perform a division	Can you divide 49 by seven?	oewn-00638921-v	3	1	
oewn-02729439-v	do well	do well|had best	v	dul:State	propagated_from_hypernym	from oewn-02372362-v[tier1_derivation]	R2	dul:Action	R2:dul:Action	R2=dul:Action_signals:1	act in one's own or everybody's best interest	You will do well to arrive on time tomorrow!	oewn-02372362-v	0	1	
oewn-02100772-v	dodge	dodge	v	dul:State	propagated_from_hypernym	from oewn-01835473-v[propagated_from_hypernym]	R2	dul:Action	R2:dul:Action	R2=dul:Action_signals:1	make a sudden movement in a new direction so as to avoid	The child dodged the teacher's blow	oewn-01835473-v	0	1	
oewn-02103822-v	drag	drag	v	dul:Action	propagated_from_hypernym	from oewn-01839438-v[tier1_derivation]	R2	dul:Process	R2:dul:Process	R2=dul:Process_signals:1	move slowly and as if with great effort		oewn-01839438-v	0	1	
oewn-02075385-v	drain	drain|run out	v	dul:Action	propagated_from_hypernym	from oewn-02070867-v[tier1_derivation]	R2	dul:Process	R2:dul:Process	R2=dul:Process_signals:1	flow off gradually	The rain water drains into this big vat	oewn-02070867-v	0	1	
oewn-01646839-v	draw	draw|get	v	dul:Action	propagated_from_hypernym	from oewn-01646466-v[tier1_derivation]	R2	dul:Event	R2:dul:Event	R2=dul:Event_signals:1	earn or achieve a base by being walked by the pitcher	He drew a base on balls	oewn-01646466-v	0	1	
oewn-01647006-v	draw	draw	v	dul:State	propagated_from_hypernym	from oewn-01689208-v[propagated_from_hypernym]	R2	dul:Action	R2:dul:Action	R2=dul:Action_signals:1	engage in drawing	He spent the day drawing in the garden	oewn-01689208-v	0	1	
oewn-02092374-v	draw	draw	v	dul:Action	propagated_from_hypernym	from oewn-01839438-v[tier1_derivation]	R2	dul:Process	R2:dul:Process	R2=dul:Process_signals:2	move or go steadily or gradually	The ship drew near the shore	oewn-01839438-v	0	1	
oewn-00746762-v	draw out	draw out	v	dul:State	propagated_from_hypernym	from oewn-00746558-v[propagated_from_hypernym]	R2	dul:Action	R2:dul:Action	R2=dul:Action_signals:1	cause to speak	Can you draw her out — she is always so quiet	oewn-00746558-v	0	1	
oewn-01268833-v	dress	dress	v	dul:State	propagated_from_hypernym	from oewn-01268553-v[propagated_from_hypernym]	R2	dul:Event	R2:dul:Event	R2=dul:Event_signals:1	put a finish on	dress the surface smooth	oewn-01268553-v	0	1	
oewn-01579610-v	drift	drift	v	dul:Action	propagated_from_hypernym	from oewn-01579309-v[tier1_derivation]	R2	dul:Process	R2:dul:Process	R2=dul:Process_signals:1	drive slowly and far afield for grazing	drift the cattle herds westwards	oewn-01579309-v	0	1	
oewn-00605489-v	drill	drill	v	dul:State	propagated_from_hypernym	from oewn-00604200-v[propagated_from_hypernym]	R2	dul:Process	R2:dul:Process	R2=dul:Process_signals:1	undergo military training or do military exercises		oewn-00604200-v	0	1	
oewn-02192888-v	drone	drone	v	dul:Event	tier3_default_event	gloss	R2	dul:Action	R2:dul:Action	R2=dul:Action_signals:1	make a monotonous low dull sound	The harmonium was droning on	oewn-02180712-v	0	1	
oewn-00363763-v	drop	drop|knock off	v	dul:Action	propagated_from_hypernym	from oewn-02686624-v[tier1_derivation]	R2	dul:Event	R2:dul:Event	R2=dul:Event_signals:1	stop pursuing or acting	drop a lawsuit | knock it off!	oewn-02686624-v	1	1	
oewn-02179274-v	drum	drum|beat|thrum	v	dul:Event	tier3_default_event	gloss	R2	dul:Action	R2:dul:Action	R2=dul:Action_signals:1	make a rhythmic sound	Rain drummed against the windshield | He drummed his fingers on the table	oewn-02180712-v	0	1	
oewn-02761648-v	dwell	dwell|inhabit	v	dul:Event	tier3_default_event	gloss	R2	dul:State	R2:dul:State	R2=dul:State_signals:1	exist or be situated within	Strange notions inhabited her mind	oewn-02609706-v	0	1	
oewn-01199335-v	eat up	eat up|finish|polish off	v	dul:Action	propagated_from_hypernym	from oewn-01170802-v[tier1_derivation]	R2	dul:Event	R2:dul:Event	R2=dul:Event_signals:1	finish eating all the food on one's plate or on the table	She polished off the remaining potatoes	oewn-01170802-v	2	1	
oewn-02076429-v	edge	edge|inch	v	dul:Action	propagated_from_hypernym	from oewn-01996535-v[tier1_derivation]	R2	dul:Process	R2:dul:Process	R2=dul:Process_signals:1	advance slowly, as if by inches	He edged towards the car	oewn-01996535-v	0	1	
oewn-02566682-v	effect	effect	v	dul:State	propagated_from_hypernym	from oewn-02372362-v[tier1_derivation]	R2	dul:Action	R2:dul:Action	R2=dul:Action_signals:1	act so as to bring into existence	effect a change	oewn-02372362-v	3	1	
oewn-02377252-v	egotrip	egotrip	v	dul:State	propagated_from_hypernym	from oewn-02372362-v[tier1_derivation]	R2	dul:Action	R2:dul:Action	R2=dul:Action_signals:1	act in a way that attracts attention	This teacher always egotrips and the students don't like him	oewn-02372362-v	0	1	
oewn-01124831-v	emulate	emulate	v	dul:Action	propagated_from_hypernym	from oewn-01074673-v[tier1_derivation]	R2	dul:Event	R2:dul:Event	R2=dul:Event_signals:1	compete with successfully; approach or reach equality with	This artist's drawings cannot emulate his water colors	oewn-01074673-v	0	1	
oewn-01821281-v	enchant	enchant|enrapture|transport|enthrall|ravish|enthral|delight	v	dul:Action	propagated_from_hypernym	from oewn-01819595-v[tier1_derivation]	R2	dul:State	R2:dul:State	R2=dul:State_signals:1	hold spellbound		oewn-01819595-v	0	1	
oewn-01623891-v	end	end	v	dul:Action	propagated_from_hypernym	from oewn-01622948-v[propagated_from_hypernym]	R2	dul:Event	R2:dul:Event	R2=dul:Event_signals:1	put an end to	The terrible news ended our hopes that he had survived	oewn-01622948-v	0	1	
oewn-02694499-v	enfilade	enfilade	v	dul:Event	tier3_default_event	gloss	R2	dul:State	R2:dul:State	R2=dul:State_signals:1	rake or be in a position to rake with gunfire in a lengthwise direction		oewn-02694369-v	0	1	
oewn-01780304-v	enshrine	enshrine|saint	v	dul:Process	propagated_from_hypernym	from oewn-01782485-v[propagated_from_hypernym]	R2	dul:State	R2:dul:State	R2=dul:State_signals:1	hold sacred		oewn-01782485-v	0	1	
oewn-01834134-v	enthuse	enthuse	v	dul:State	propagated_from_hypernym	from oewn-01776881-v[tier1_derivation]	R2	dul:Action	R2:dul:Action	R2=dul:Action_signals:1	cause to feel enthusiasm		oewn-01776881-v	1	1	
oewn-00619438-v	err	err|mistake|slip	v	dul:State	propagated_from_hypernym	from oewn-02372362-v[tier1_derivation]	R2	dul:Action	R2:dul:Action	R2=dul:Action_signals:1	to make a mistake or be incorrect		oewn-02372362-v	4	1	
oewn-00346162-v	erupt	erupt|break out	v	dul:Action	propagated_from_hypernym	from oewn-02614382-v[tier1_derivation]	R2	dul:Event	R2:dul:Event	R2=dul:Event_signals:1	start abruptly	After 1989, peace broke out in the former East Bloc	oewn-02614382-v	0	1	
oewn-02617037-v	eventuate	eventuate	v	dul:Action	propagated_from_hypernym	from oewn-02616880-v[propagated_from_hypernym]	R2	dul:Event	R2:dul:Event	R2=dul:Event_signals:1	come out in the end		oewn-02616880-v	0	1	
oewn-00251950-v	evolve	evolve	v	dul:Action	propagated_from_hypernym	from oewn-00252905-v[propagated_from_hypernym]	R2	dul:Process	R2:dul:Process	R2=dul:Process_signals:1	undergo development or evolution	Modern man evolved a long time ago	oewn-00252905-v	2	1	
oewn-02376902-v	exert	exert	v	dul:State	propagated_from_hypernym	from oewn-02372362-v[tier1_derivation]	R2	dul:Action	R2:dul:Action	R2=dul:Action_signals:1	make a great effort at a mental or physical task	exert oneself	oewn-02372362-v	4	1	
oewn-02114674-v	experience	experience|see|go through	v	dul:State	propagated_from_hypernym	from oewn-02112831-v[propagated_from_hypernym]	R2	dul:Process	R2:dul:Process	R2=dul:Process_signals:1	undergo or live through a difficult experience	We had many trials to go through | he saw action in Viet Nam	oewn-02112831-v	7	1	
oewn-01086459-v	face off	face off|bully off	v	dul:Action	propagated_from_hypernym	from oewn-01075360-v[propagated_from_hypernym]	R2	dul:Event	R2:dul:Event	R2=dul:Event_signals:1	start a game by a face-off		oewn-01075360-v	0	1	
oewn-00061704-v	face-lift	face-lift|lift	v	dul:State	propagated_from_hypernym	from oewn-00083562-v[propagated_from_hypernym]	R2	dul:Action	R2:dul:Action	R2=dul:Action_signals:1	perform cosmetic surgery on someone's face		oewn-00083562-v	0	1	
oewn-00738434-v	factor analyse	factor analyse|factor analyze	v	dul:Process	propagated_from_hypernym	from oewn-00738221-v[propagated_from_hypernym]	R2	dul:Action	R2:dul:Action	R2=dul:Action_signals:1	to perform a factor analysis of correlational data		oewn-00738221-v	0	1	
oewn-00172922-v	fail	fail	v	dul:Action	propagated_from_hypernym	from oewn-00204228-v[tier2_indirect]	R2	dul:Process	R2:dul:Process	R2=dul:Process_signals:1	deteriorate	Her health is declining	oewn-00204228-v	0	1	
oewn-00347493-v	fall	fall	v	dul:Action	propagated_from_hypernym	from oewn-00346415-v[tier1_derivation]	R2	dul:Event	R2:dul:Event	R2=dul:Event_signals:1	begin vigorously	The prisoners fell to work right away	oewn-00346415-v	0	1	
oewn-00148417-v	fall in love	fall in love	v	dul:State	propagated_from_hypernym	from oewn-00147635-v[propagated_from_hypernym]	R2	dul:Event	R2:dul:Event	R2=dul:Event_signals:1	begin to experience feelings of love towards	She fell in love with her former student	oewn-00147635-v	0	1	
oewn-02115034-v	feel	feel	v	dul:State	propagated_from_hypernym	from oewn-02114674-v[propagated_from_hypernym]	R2	dul:Process	R2:dul:Process	R2=dul:Process_signals:1	undergo passive experience of	We felt the effects of inflation | her fingers felt their way through the string quartet | she felt his contempt of her	oewn-02114674-v	0	1	
oewn-02138815-v	feel	feel	v	dul:Event	tier3_default_event	gloss	R2	dul:Action	R2:dul:Action	R2=dul:Action_signals:1	produce a certain impression	It feels nice to be home again	oewn-02137900-v	0	1	
oewn-00836973-v	fib	fib	v	dul:Action	propagated_from_hypernym	from oewn-00835938-v[propagated_from_hypernym]	R2	dul:State	R2:dul:State	R2=dul:State_signals:1	tell a relatively insignificant lie	Fibbing is not acceptable, even if you don't call it lying	oewn-00835938-v	0	1	
oewn-02412468-v	fight	fight|struggle	v	dul:State	propagated_from_hypernym	from oewn-02535833-v[propagated_from_hypernym]	R2	dul:Action	R2:dul:Action	R2=dul:Action_signals:1	make a strenuous or labored effort	She struggled for years to survive without welfare | He fought for breath	oewn-02535833-v	2	1	
oewn-00717144-v	find	find|feel	v	dul:State	propagated_from_hypernym	from oewn-00636134-v[tier1_derivation]	R2	dul:Event	R2:dul:Event	R2=dul:Event_signals:1	come to believe on the basis of emotion, intuitions, or indefinite grounds	I feel that he doesn't like me | I find him to be obnoxious | I found the movie rather entertaining	oewn-00636134-v	0	1	
oewn-02025505-v	find	find	v	dul:State	propagated_from_hypernym	from oewn-02024442-v[propagated_from_hypernym]	R2	dul:Event	R2:dul:Event	R2=dul:Event_signals:1	succeed in reaching; arrive at	The arrow found its mark	oewn-02024442-v	0	1	
oewn-02202295-v	find	find	v	dul:Action	propagated_from_hypernym	from oewn-02110960-v[propagated_from_hypernym]	R2	dul:State	R2:dul:State	R2=dul:State_signals:1	perceive oneself to be in a certain condition or place	I found myself in a difficult situation | When he woke up, he found himself in a hospital room	oewn-02110960-v	0	1	
oewn-00353212-v	finish up	finish up|land up|fetch up|end up|wind up|finish	v	dul:State	propagated_from_hypernym	from oewn-02372362-v[tier1_derivation]	R2	dul:Action	R2:dul:Action	R2=dul:Action_signals:1	finally be or do something	He ended up marrying his high school sweetheart | he wound up being unemployed and living at home again	oewn-02372362-v	0	1	
oewn-00589392-v	fire	fire|light|ignite	v	dul:Action	propagated_from_hypernym	from oewn-00349400-v[tier1_derivation]	R2	dul:Event	R2:dul:Event	R2=dul:Event_signals:1	start or maintain a fire in	fire the furnace	oewn-00349400-v	0	1	
oewn-01897594-v	flip	flip|twitch	v	dul:State	propagated_from_hypernym	from oewn-01835473-v[propagated_from_hypernym]	R2	dul:Action	R2:dul:Action	R2=dul:Action_signals:1	toss with a sharp movement so as to cause to turn over in the air		oewn-01835473-v	0	1	
oewn-00449966-v	flow away	flow away|flow off	v	dul:State	propagated_from_hypernym	from oewn-00449635-v[propagated_from_hypernym]	R2	dul:Process	R2:dul:Process	R2=dul:Process_signals:1	flow off or away gradually	The water flowed off from the pipe	oewn-00449635-v	0	1	
oewn-02165590-v	fluoresce	fluoresce	v	dul:Event	tier3_default_event	gloss	R2	dul:Process	R2:dul:Process	R2=dul:Process_signals:1	exhibit or undergo fluorescence		oewn-02165374-v	1	1	
oewn-02203949-v	flush	flush	v	dul:Event	tier3_default_event	gloss	R2	dul:Action	R2:dul:Action	R2=dul:Action_signals:1	glow or cause to glow with warm color or light	the sky flushed with rosy splendor	oewn-02165374-v	0	1	
oewn-01944865-v	fly on	fly on	v	dul:Action	propagated_from_hypernym	from oewn-01944262-v[propagated_from_hypernym]	R2	dul:State	R2:dul:State	R2=dul:State_signals:1	continue flying		oewn-01944262-v	0	1	
oewn-01902762-v	folk dance	folk dance	v	dul:State	propagated_from_hypernym	from oewn-01712535-v[propagated_from_hypernym]	R2	dul:Action	R2:dul:Action	R2=dul:Action_signals:1	perform a folk-dance		oewn-01712535-v	0	1	
oewn-02525556-v	footle	footle	v	dul:State	propagated_from_hypernym	from oewn-00010428-v[propagated_from_hypernym]	R2	dul:Action	R2:dul:Action	R2=dul:Action_signals:1	act foolishly, as by talking nonsense		oewn-00010428-v	0	1	
oewn-01888259-v	forge	forge	v	dul:Action	propagated_from_hypernym	from oewn-01996535-v[tier1_derivation]	R2	dul:Process	R2:dul:Process	R2=dul:Process_signals:1	move ahead steadily	He forged ahead	oewn-01996535-v	0	1	
oewn-00611721-v	forget	forget|bury	v	dul:Action	propagated_from_hypernym	from oewn-02292634-v[tier2_indirect]	R2	dul:Event	R2:dul:Event	R2=dul:Event_signals:1	dismiss from the mind; stop remembering	I tried to bury these unpleasant memories	oewn-02292634-v	3	1	
oewn-00616520-v	forget	forget	v	dul:State	propagated_from_hypernym	from oewn-00616690-v[propagated_from_hypernym]	R2	dul:Action	R2:dul:Action	R2=dul:Action_signals:1	forget to do something	Don't forget to call the chairman of the board to the meeting!	oewn-00616690-v	0	1	
oewn-00905339-v	forgive	forgive	v	dul:Action	propagated_from_hypernym	from oewn-00807711-v[tier1_derivation]	R2	dul:Event	R2:dul:Event	R2=dul:Event_signals:1	stop blaming or grant forgiveness	I forgave him his infidelity | She cannot forgive him for forgetting her birthday	oewn-00807711-v	6	1	
oewn-02629987-v	form	form|take form|take shape|spring	v	dul:State	propagated_from_hypernym	from oewn-02629610-v[propagated_from_hypernym]	R2	dul:Process	R2:dul:Process	R2=dul:Process_signals:1	develop into a distinctive entity	our plans began to take shape	oewn-02629610-v	1	1	
oewn-00910304-v	foster	foster|nurture	v	dul:Action	propagated_from_hypernym	from oewn-01822202-v[propagated_from_hypernym]	R2	dul:Process	R2:dul:Process	R2=dul:Process_signals:1	help develop, help grow	nurture his talents	oewn-01822202-v	2	1	
oewn-00364146-v	freeze	freeze|suspend	v	dul:Action	propagated_from_hypernym	from oewn-00364717-v[propagated_from_hypernym]	R2	dul:Event	R2:dul:Event	R2=dul:Event_signals:1	stop a process or a habit by imposing a freeze on it	Suspend the aid to the war-torn country	oewn-00364717-v	0	1	
oewn-00275432-v	fret	fret|eat away	v	dul:State	propagated_from_hypernym	from oewn-00274762-v[propagated_from_hypernym]	R2	dul:Process	R2:dul:Process	R2=dul:Process_signals:1	wear away or erode		oewn-00274762-v	0	1	
oewn-02599051-v	frivol	frivol|trifle	v	dul:State	propagated_from_hypernym	from oewn-00010428-v[propagated_from_hypernym]	R2	dul:Action	R2:dul:Action	R2=dul:Action_signals:1	act frivolously		oewn-00010428-v	0	1	
oewn-02220572-v	fund	fund	v	dul:Action	propagated_from_hypernym	from oewn-02309962-v[tier1_derivation]	R2	dul:Process	R2:dul:Process	R2=dul:Process_signals:1	accumulate a fund for the discharge of a recurrent liability	fund a medical care plan	oewn-02309962-v	0	1	
oewn-00077211-v	gag	gag|heave|retch	v	dul:State	propagated_from_hypernym	from oewn-01835473-v[propagated_from_hypernym]	R2	dul:Action	R2:dul:Action	R2=dul:Action_signals:1	make an unsuccessful effort to vomit; strain to vomit		oewn-01835473-v	0	1	
oewn-00077359-v	gag	gag|choke	v	dul:Event	propagated_from_hypernym	from oewn-00087961-v[propagated_from_hypernym]	R2	dul:Action	R2:dul:Action	R2=dul:Action_signals:1	cause to retch or choke		oewn-00087961-v	0	1	
oewn-00157270-v	gain	gain|gather	v	dul:Action	propagated_from_hypernym	from oewn-00156409-v[tier1_derivation]	R2	dul:Process	R2:dul:Process	R2=dul:Process_signals:1	increase or develop	the peace movement gained momentum | the car gathers speed	oewn-00156409-v	0	1	
oewn-00641511-v	get	get	v	dul:State	propagated_from_hypernym	from oewn-02024442-v[propagated_from_hypernym]	R2	dul:Event	R2:dul:Event	R2=dul:Event_signals:1	reach by calculation	What do you get when you add up these numbers?	oewn-02024442-v	0	1	
oewn-01403769-v	get	get|catch	v	dul:Action	propagated_from_hypernym	from oewn-01402698-v[tier1_derivation]	R2	dul:Event	R2:dul:Event	R2=dul:Event_signals:1	reach with a blow or hit in a particular spot	the rock caught her in the back of the head | The blow got him in the back | The punch caught him in the stomach	oewn-01402698-v	0	1	
oewn-02433163-v	get around to	get around to	v	dul:State	propagated_from_hypernym	from oewn-02372362-v[tier1_derivation]	R2	dul:Action	R2:dul:Action	R2=dul:Action_signals:1	do something despite obstacles such as lack of time	He finally got around to painting the windows	oewn-02372362-v	0	1	
oewn-00349195-v	get cracking	get cracking|bestir oneself|get going|get moving|get weaving|get started|get rolling	v	dul:Action	propagated_from_hypernym	from oewn-00346415-v[tier1_derivation]	R2	dul:Event	R2:dul:Event	R2=dul:Event_signals:1	start to be active	Get cracking, please!	oewn-00346415-v	0	1	
oewn-01644883-v	get over	get over	v	dul:Action	propagated_from_hypernym	from oewn-01644397-v[tier1_derivation]	R2	dul:Event	R2:dul:Event	R2=dul:Event_signals:1	to bring (a necessary but unpleasant task) to an end	Let's get this job over with | It's a question of getting over an unpleasant task	oewn-01644397-v	0	1	
oewn-00485823-v	get through	get through|wrap up|finish off|mop up|polish off|clear up|finish up	v	dul:Action	propagated_from_hypernym	from oewn-00485097-v[tier1_derivation]	R2	dul:Event	R2:dul:Event	R2=dul:Event_signals:1	finish a task completely	I finally got through this homework assignment	oewn-00485097-v	1	1	
oewn-00347930-v	get to	get to	v	dul:Action	propagated_from_hypernym	from oewn-00346415-v[tier1_derivation]	R2	dul:Event	R2:dul:Event	R2=dul:Event_signals:1	arrive at the point of	She gets to fretting if I stay away from home too long	oewn-00346415-v	0	1	
oewn-00018398-v	get up	get up	v	dul:Event	propagated_from_hypernym	from oewn-01978076-v[tier1_derivation]	R2	dul:Action	R2:dul:Action	R2=dul:Action_signals:1	cause to rise	The sergeant got us up at 2 A.M.	oewn-01978076-v	0	1	
oewn-00269051-v	get worse	get worse|relapse	v	dul:State	propagated_from_hypernym	from oewn-00145958-v[propagated_from_hypernym]	R2	dul:Process	R2:dul:Process	R2=dul:Process_signals:1	deteriorate in health	he relapsed	oewn-00145958-v	0	1	
oewn-00183386-v	gild the lily	gild the lily|paint the lily	v	dul:Action	propagated_from_hypernym	from oewn-00182551-v[tier1_derivation]	R2	dul:Event	R2:dul:Event	R2=dul:Event_signals:1	make unnecessary additions to what is already complete		oewn-00182551-v	0	1	
oewn-00436056-v	give way	give way|yield	v	dul:State	propagated_from_hypernym	from oewn-00109468-v[propagated_from_hypernym]	R2	dul:Event	R2:dul:Event	R2=dul:Event_signals:1	end resistance, as under pressure or force	The door yielded to repeated blows with a battering ram	oewn-00109468-v	0	1	
oewn-01898907-v	glissade	glissade	v	dul:State	propagated_from_hypernym	from oewn-01898642-v[propagated_from_hypernym]	R2	dul:Action	R2:dul:Action	R2=dul:Action_signals:1	perform a glissade, in ballet		oewn-01898642-v	0	1	
oewn-02182630-v	glug	glug	v	dul:Event	tier3_default_event	gloss	R2	dul:Action	R2:dul:Action	R2=dul:Action_signals:1	make a gurgling sound as of liquid issuing from a bottle	the wine bottles glugged	oewn-02180712-v	0	1	
oewn-02608455-v	go off half-cocked	go off half-cocked|go off at half-cock	v	dul:State	propagated_from_hypernym	from oewn-02372362-v[tier1_derivation]	R2	dul:Action	R2:dul:Action	R2=dul:Action_signals:1	act prematurely or without reflection or too soon	she wanted to quit her job but her mother told her not to go off half-cocked	oewn-02372362-v	0	1	
oewn-02634728-v	govern	govern	v	dul:Action	propagated_from_hypernym	from oewn-02634015-v[tier2_indirect]	R2	dul:State	R2:dul:State	R2=dul:State_signals:1	require to be in a certain grammatical case, voice, or mood	most transitive verbs govern the accusative case in German	oewn-02634015-v	0	1	
oewn-01409338-v	ground	ground	v	dul:Action	propagated_from_hypernym	from oewn-01511000-v[tier1_derivation]	R2	dul:Event	R2:dul:Event	R2=dul:Event_signals:1	throw to the ground in order to stop play and avoid being tackled behind the line of scrimmage		oewn-01511000-v	0	1	
oewn-02026205-v	ground	ground|run aground	v	dul:State	propagated_from_hypernym	from oewn-02024442-v[propagated_from_hypernym]	R2	dul:Event	R2:dul:Event	R2=dul:Event_signals:1	hit or reach the ground		oewn-02024442-v	0	1	
oewn-02183020-v	guggle	guggle	v	dul:Event	tier3_default_event	gloss	R2	dul:Action	R2:dul:Action	R2=dul:Action_signals:1	make a sound like a liquid that is being poured from a bottle		oewn-02180712-v	0	1	
oewn-01213301-v	handle	handle|palm	v	dul:Event	propagated_from_hypernym	from oewn-01208838-v[tier1_derivation]	R2	dul:State	R2:dul:State	R2=dul:State_signals:1	touch, lift, or hold with the hands	Don't handle the merchandise	oewn-01208838-v	4	1	
oewn-02670491-v	hang by a thread	hang by a thread|hang by a hair	v	dul:Action	propagated_from_hypernym	from oewn-02670312-v[propagated_from_hypernym]	R2	dul:State	R2:dul:State	R2=dul:State_signals:1	depend on a small thing or be at risk	His life now hangs by a thread	oewn-02670312-v	0	1	
oewn-00792171-v	hang on	hang on|hold the line|hold on	v	dul:Process	propagated_from_hypernym	from oewn-00721987-v[propagated_from_hypernym]	R2	dul:State	R2:dul:State	R2=dul:State_signals:1	hold the phone line open	Please hang on while I get your folder	oewn-00721987-v	0	1	
oewn-02600068-v	happen	happen	v	dul:Event	tier3_default_event	gloss	R2	dul:Action	R2:dul:Action	R2=dul:Action_signals:1	chance to be or do something, without intention or causation	I happen to have just what you need!	oewn-02600258-v	0	1	
oewn-02153034-v	harbor	harbor|harbour|shield	v	dul:Action	propagated_from_hypernym	from oewn-02149298-v[tier1_derivation]	R2	dul:State	R2:dul:State	R2=dul:State_signals:1	hold back a thought or feeling about	She is harboring a grudge against him	oewn-02149298-v	0	1	
oewn-00389754-v	harry	harry|ravage	v	dul:State	propagated_from_hypernym	from oewn-01566925-v[propagated_from_hypernym]	R2	dul:Action	R2:dul:Action	R2=dul:Action_signals:1	make a pillaging or destructive raid on (a place), as in wartimes		oewn-01566925-v	0	1	
oewn-00120854-v	have	have|experience	v	dul:State	propagated_from_hypernym	from oewn-00109468-v[propagated_from_hypernym]	R2	dul:Process	R2:dul:Process	R2=dul:Process_signals:1	undergo	The stocks had a fast run-up	oewn-00109468-v	1	1	
oewn-02536436-v	have a go	have a go|give it a try	v	dul:State	propagated_from_hypernym	from oewn-02535833-v[propagated_from_hypernym]	R2	dul:Action	R2:dul:Action	R2=dul:Action_signals:1	make an attempt at something	I never sat on a horse before but I'll give it a go	oewn-02535833-v	0	1	
oewn-02092737-v	heave	heave	v	dul:State	propagated_from_hypernym	from oewn-01835473-v[propagated_from_hypernym]	R2	dul:Action	R2:dul:Action	R2=dul:Action_signals:1	move or cause to move in a specified way, direction, or position	The vessel hove into sight	oewn-01835473-v	0	1	
oewn-01755353-v	heel	heel	v	dul:State	propagated_from_hypernym	from oewn-01712535-v[propagated_from_hypernym]	R2	dul:Action	R2:dul:Action	R2=dul:Action_signals:1	perform with the heels	heel that dance	oewn-01712535-v	0	1	
oewn-00003826-v	hiccup	hiccup|hiccough	v	dul:State	propagated_from_hypernym	from oewn-00001740-v[propagated_from_hypernym]	R2	dul:Action	R2:dul:Action	R2=dul:Action_signals:1	breathe spasmodically, and make a sound	When you have to hiccup, drink a glass of cold water	oewn-00001740-v	0	1	
oewn-02113245-v	hit	hit|strike|come to	v	dul:State	propagated_from_hypernym	from oewn-00725311-v[propagated_from_hypernym]	R2	dul:Action	R2:dul:Action	R2=dul:Action_signals:1	cause to experience suddenly	Panic struck me | An interesting idea hit her | A thought came to me | The thought struck terror in our minds | They were struck with fear	oewn-00725311-v	0	1	
oewn-00608395-v	hold	hold	v	dul:Process	propagated_from_hypernym	from oewn-00691086-v[tier1_derivation]	R2	dul:State	R2:dul:State	R2=dul:State_signals:1	remain committed to	I hold to these ideas	oewn-00691086-v	0	1	
oewn-02649658-v	hold	hold	v	dul:State	propagated_from_hypernym	from oewn-02648898-v[propagated_from_hypernym]	R2	dul:Event	R2:dul:Event	R2=dul:Event_signals:1	stop dealing with	hold all calls to the President's office while he is in a meeting	oewn-02648898-v	0	1	
oewn-02689312-v	hold	hold	v	dul:Action	propagated_from_hypernym	from oewn-02690747-v[tier1_derivation]	R2	dul:State	R2:dul:State	R2=dul:State_signals:1	remain in a certain state, position, or condition	The weather held | They held on the road and kept marching	oewn-02690747-v	0	1	
oewn-02438838-v	hold one's own	hold one's own	v	dul:Action	propagated_from_hypernym	from oewn-02445887-v[propagated_from_hypernym]	R2	dul:State	R2:dul:State	R2=dul:State_signals:1	maintain one's position and be in control of a situation		oewn-02445887-v	0	1	
oewn-02649364-v	hold over	hold over	v	dul:Event	tier3_default_event	gloss	R2	dul:State	R2:dul:State	R2=dul:State_signals:1	continue a term of office past the normal period of time		oewn-02733337-v	0	1	
oewn-02324926-v	hold the line	hold the line	v	dul:Action	propagated_from_hypernym	from oewn-02284977-v[tier1_derivation]	R2	dul:State	R2:dul:State	R2=dul:State_signals:1	hold the line on prices; keep the price of something constant		oewn-02284977-v	0	1	
oewn-02146032-v	hold up	hold up	v	dul:Action	propagated_from_hypernym	from oewn-02144506-v[tier1_derivation]	R2	dul:State	R2:dul:State	R2=dul:State_signals:2	hold up something as an example; hold up one's achievements for admiration		oewn-02144506-v	0	1	
oewn-02187621-v	honk	honk|blare|beep|claxon|toot	v	dul:Event	tier3_default_event	gloss	R2	dul:Action	R2:dul:Action	R2=dul:Action_signals:1	make a strident noise	The horns of the taxis blared	oewn-02180712-v	1	1	
oewn-02121051-v	horripilate	horripilate	v	dul:State	propagated_from_hypernym	from oewn-02120601-v[tier1_derivation]	R2	dul:Event	R2:dul:Event	R2=dul:Event_signals:1	cause (someone's) hair to stand on end and to have goosebumps	Hitchcock movies horripilate me	oewn-02120601-v	0	1	
oewn-02121260-v	horripilate	horripilate	v	dul:State	propagated_from_hypernym	from oewn-02112480-v[propagated_from_hypernym]	R2	dul:Event	R2:dul:Event	R2=dul:Event_signals:1	have one's hair stand on end and get goosebumps	I horripilate when I see violence on television	oewn-02112480-v	0	1	
oewn-01862153-v	hot-wire	hot-wire	v	dul:Action	propagated_from_hypernym	from oewn-01861703-v[tier1_derivation]	R2	dul:Event	R2:dul:Event	R2=dul:Event_signals:1	start (a car engine) without a key by bypassing the ignition interlock	The woman who lost the car keys had to hot-wire her van	oewn-01861703-v	0	1	
oewn-02523709-v	hugger mugger	hugger mugger	v	dul:State	propagated_from_hypernym	from oewn-00010428-v[propagated_from_hypernym]	R2	dul:Action	R2:dul:Action	R2=dul:Action_signals:1	act stealthily or secretively		oewn-00010428-v	0	1	
oewn-01058086-v	hum	hum	v	dul:Event	tier3_default_event	gloss	R2	dul:Action	R2:dul:Action	R2=dul:Action_signals:1	make a low continuous sound	The refrigerator is humming	oewn-02177332-v	0	1	
oewn-00820996-v	hunker down	hunker down	v	dul:Process	propagated_from_hypernym	from oewn-00820824-v[propagated_from_hypernym]	R2	dul:State	R2:dul:State	R2=dul:State_signals:1	hold stubbornly to a position	The wife hunkered down and the husband's resistance began to break down	oewn-00820824-v	0	1	
oewn-00462012-v	hush	hush	v	dul:Action	propagated_from_hypernym	from oewn-00228662-v[propagated_from_hypernym]	R2	dul:Process	R2:dul:Process	R2=dul:Process_signals:1	run water over the ground to erode (soil), revealing the underlying strata and valuable minerals		oewn-00228662-v	0	1	
oewn-00565228-v	hydrolyze	hydrolyze|hydrolyse	v	dul:State	propagated_from_hypernym	from oewn-00109468-v[propagated_from_hypernym]	R2	dul:Process	R2:dul:Process	R2=dul:Process_signals:2	undergo hydrolysis; decompose by reacting with water		oewn-00109468-v	0	1	
oewn-00093907-v	hypertrophy	hypertrophy	v	dul:Action	propagated_from_hypernym	from oewn-00231172-v[propagated_from_hypernym]	R2	dul:Process	R2:dul:Process	R2=dul:Process_signals:1	undergo hypertrophy	muscles can hypertrophy when people take steroids	oewn-00231172-v	0	1	
oewn-00003133-v	hyperventilate	hyperventilate	v	dul:State	propagated_from_hypernym	from oewn-00078513-v[propagated_from_hypernym]	R2	dul:Action	R2:dul:Action	R2=dul:Action_signals:1	produce hyperventilation in	The nurses had to hyperventilate the patient	oewn-00078513-v	0	1	
oewn-02219646-v	immobilize	immobilize|immobilise	v	dul:Action	propagated_from_hypernym	from oewn-02218472-v[tier1_derivation]	R2	dul:State	R2:dul:State	R2=dul:State_signals:1	hold as reserve or withdraw from circulation; of capital		oewn-02218472-v	0	1	
oewn-00501437-v	industrialize	industrialize|industrialise	v	dul:State	propagated_from_hypernym	from oewn-00109468-v[propagated_from_hypernym]	R2	dul:Process	R2:dul:Process	R2=dul:Process_signals:1	develop industry; become industrial	The nations of South East Asia will quickly industrialize and catch up with the West	oewn-00109468-v	0	1	
oewn-02623249-v	indwell	indwell	v	dul:Event	tier3_default_event	gloss	R2	dul:State	R2:dul:State	R2=dul:State_signals:1	to exist as an inner activating spirit, force, or principle		oewn-02609706-v	0	1	
oewn-02330038-v	instill	instill|transfuse	v	dul:Action	propagated_from_hypernym	from oewn-02329474-v[propagated_from_hypernym]	R2	dul:Process	R2:dul:Process	R2=dul:Process_signals:1	impart gradually	Her presence instilled faith into the children | transfuse love of music into the students	oewn-02329474-v	1	1	
oewn-00364717-v	interrupt	interrupt|break	v	dul:Action	propagated_from_hypernym	from oewn-00353480-v[tier1_derivation]	R2	dul:Event	R2:dul:Event	R2=dul:Event_signals:1	terminate or end	She interrupted her pregnancy | break a lucky streak | break the cycle of poverty	oewn-00353480-v	3	1	
oewn-02101954-v	jackrabbit	jackrabbit	v	dul:State	propagated_from_hypernym	from oewn-01914366-v[propagated_from_hypernym]	R2	dul:Event	R2:dul:Event	R2=dul:Event_signals:1	go forward or start with a fast, sudden movement		oewn-01914366-v	0	1	
oewn-02177127-v	jingle	jingle|jingle-jangle|jangle	v	dul:Event	tier3_default_event	gloss	R2	dul:Action	R2:dul:Action	R2=dul:Action_signals:1	make a sound typical of metallic objects	The keys were jingling in his pocket	oewn-02177332-v	0	1	
oewn-00105308-v	joke	joke|jest	v	dul:State	propagated_from_hypernym	from oewn-00010428-v[propagated_from_hypernym]	R2	dul:Action	R2:dul:Action	R2=dul:Action_signals:1	act in a funny or teasing way		oewn-00010428-v	1	1	
oewn-01868851-v	jolt	jolt|jar	v	dul:State	propagated_from_hypernym	from oewn-01835473-v[propagated_from_hypernym]	R2	dul:Action	R2:dul:Action	R2=dul:Action_signals:1	move or cause to move with a sudden jerky motion		oewn-01835473-v	0	1	
oewn-01605448-v	juggle	juggle	v	dul:Action	propagated_from_hypernym	from oewn-01605239-v[propagated_from_hypernym]	R2	dul:State	R2:dul:State	R2=dul:State_signals:1	hold with difficulty and balance insecurely	the player juggled the ball	oewn-01605239-v	0	1	
oewn-00349877-v	jumpstart	jumpstart|jump-start	v	dul:Action	propagated_from_hypernym	from oewn-00349400-v[tier1_derivation]	R2	dul:Event	R2:dul:Event	R2=dul:Event_signals:2	start or re-start vigorously	The Secretary of State intends to jumpstart the Middle East Peace Process	oewn-00349400-v	0	1	
oewn-01863036-v	jumpstart	jumpstart|jump-start|jump	v	dul:Action	propagated_from_hypernym	from oewn-01861703-v[tier1_derivation]	R2	dul:Event	R2:dul:Event	R2=dul:Event_signals:1	start (a car engine whose battery is dead) by connecting it to another car's battery		oewn-01861703-v	0	1	
oewn-01304679-v	keep	keep	v	dul:Action	propagated_from_hypernym	from oewn-02500687-v[tier1_derivation]	R2	dul:State	R2:dul:State	R2=dul:State_signals:1	hold and prevent from leaving	The student was kept after school	oewn-02500687-v	0	1	
oewn-00118243-v	keep out	keep out	v	dul:Event	tier3_default_event	gloss	R2	dul:State	R2:dul:State	R2=dul:State_signals:1	remain outside		oewn-00117793-v	0	1	
oewn-01199057-v	kick	kick|give up	v	dul:State	propagated_from_hypernym	from oewn-02539728-v[propagated_from_hypernym]	R2	dul:Event	R2:dul:Event	R2=dul:Event_signals:1	stop consuming	kick a habit | give up alcohol	oewn-02539728-v	0	1	
oewn-01374316-v	kick up	kick up	v	dul:Event	propagated_from_hypernym	from oewn-01978076-v[tier1_derivation]	R2	dul:Action	R2:dul:Action	R2=dul:Action_signals:1	cause to rise by kicking	kick up dust	oewn-01978076-v	0	1	
oewn-01862002-v	kick-start	kick-start	v	dul:Action	propagated_from_hypernym	from oewn-01861703-v[tier1_derivation]	R2	dul:Event	R2:dul:Event	R2=dul:Event_signals:1	start (a motorcycle) by means of a kick starter		oewn-01861703-v	0	1	
oewn-00057220-v	labor	labor|labour	v	dul:State	propagated_from_hypernym	from oewn-02112831-v[propagated_from_hypernym]	R2	dul:Process	R2:dul:Process	R2=dul:Process_signals:1	undergo the efforts of childbirth		oewn-02112831-v	0	1	
oewn-02192644-v	lap	lap|swish|swosh|swoosh	v	dul:Event	tier3_default_event	gloss	R2	dul:Action	R2:dul:Action	R2=dul:Action_signals:1	move with or cause to move with a whistling or hissing sound	The bubbles swoshed around in the glass | The curtain swooshed open	oewn-02180712-v	0	1	
oewn-02698039-v	lap	lap	v	dul:Event	tier3_default_event	gloss	R2	dul:State	R2:dul:State	R2=dul:State_signals:1	lie partly over or alongside of something or of one another		oewn-02696550-v	0	1	
oewn-00352478-v	lapse	lapse	v	dul:Action	propagated_from_hypernym	from oewn-02615799-v[tier1_derivation]	R2	dul:Event	R2:dul:Event	R2=dul:Event_signals:1	end, at least for a long time	The correspondence lapsed	oewn-02615799-v	0	1	
oewn-02710788-v	last	last|endure	v	dul:Event	tier3_default_event	gloss	R2	dul:State	R2:dul:State	R2=dul:State_signals:1	persist for a specified period of time	The bad weather lasted for three days	oewn-02710209-v	3	1	
oewn-01218758-v	latch on	latch on	v	dul:Action	propagated_from_hypernym	from oewn-01218568-v[tier1_derivation]	R2	dul:State	R2:dul:State	R2=dul:State_signals:1	take hold of or attach to	The biochip latches onto the genes	oewn-01218568-v	0	1	
oewn-00540626-v	lead up	lead up|initiate	v	dul:Action	propagated_from_hypernym	from oewn-01631641-v[tier1_derivation]	R2	dul:Event	R2:dul:Event	R2=dul:Event_signals:1	set in motion, start an event or prepare the way for	Hitler's attack on Poland led up to World War II	oewn-01631641-v	0	1	
oewn-02689901-v	leave off	leave off	v	dul:Action	propagated_from_hypernym	from oewn-02689663-v[tier2_indirect]	R2	dul:Event	R2:dul:Event	R2=dul:Event_signals:3	come to an end, stop or cease	the road leaves off at the edge of the forest | leave off where you started	oewn-02689663-v	0	1	
oewn-02376330-v	let it go	let it go	v	dul:State	propagated_from_hypernym	from oewn-02731589-v[tier2_indirect]	R2	dul:Action	R2:dul:Action	R2=dul:Action_signals:1	not act	He thought of a reply but let it go	oewn-02731589-v	0	1	
oewn-01948325-v	levitate	levitate	v	dul:Event	propagated_from_hypernym	from oewn-01978076-v[tier1_derivation]	R2	dul:Action	R2:dul:Action	R2=dul:Action_signals:1	cause to rise in the air and float, as if in defiance of gravity	The magician levitated the woman	oewn-01978076-v	0	1	
oewn-01550707-v	lie awake	lie awake	v	dul:Action	propagated_from_hypernym	from oewn-01549783-v[tier2_indirect]	R2	dul:State	R2:dul:State	R2=dul:State_signals:1	lie without sleeping	She was so worried, she lay awake all night long	oewn-01549783-v	0	1	
oewn-00354849-v	lift	lift|raise	v	dul:Action	propagated_from_hypernym	from oewn-00353480-v[tier1_derivation]	R2	dul:Event	R2:dul:Event	R2=dul:Event_signals:1	put an end to a situation	lift a ban | raise a siege	oewn-00353480-v	0	1	
oewn-00794583-v	lift	lift	v	dul:Action	propagated_from_hypernym	from oewn-00794133-v[propagated_from_hypernym]	R2	dul:Event	R2:dul:Event	R2=dul:Event_signals:1	call to stop the hunt or to retire, as of hunting dogs		oewn-00794133-v	0	1	
oewn-01582002-v	lift	lift	v	dul:Action	propagated_from_hypernym	from oewn-01854282-v[tier1_derivation]	R2	dul:State	R2:dul:State	R2=dul:State_signals:1	take hold of something and move it to a different location	lift the box onto the table	oewn-01854282-v	2	1	
oewn-01202519-v	light up	light up|fire up|light	v	dul:Action	propagated_from_hypernym	from oewn-02765572-v[tier1_derivation]	R2	dul:Event	R2:dul:Event	R2=dul:Event_signals:1	begin to smoke	After the meal, some of the diners lit up	oewn-02765572-v	0	1	
oewn-02767187-v	light up	light up	v	dul:Action	propagated_from_hypernym	from oewn-02766580-v[tier1_derivation]	R2	dul:Event	R2:dul:Event	R2=dul:Event_signals:1	start to burn with a bright flame	The coal in the BBQ grill finally lit up	oewn-02766580-v	0	1	
oewn-02000434-v	limp	limp	v	dul:Action	propagated_from_hypernym	from oewn-01999581-v[tier1_derivation]	R2	dul:Process	R2:dul:Process	R2=dul:Process_signals:1	proceed slowly or with difficulty	the boat limped into the harbor	oewn-01999581-v	0	1	
oewn-02042858-v	list	list|lean	v	dul:State	propagated_from_hypernym	from oewn-01835473-v[propagated_from_hypernym]	R2	dul:Action	R2:dul:Action	R2=dul:Action_signals:1	cause to lean to the side	Erosion listed the old tree	oewn-01835473-v	0	1	
oewn-02625100-v	live out	live out	v	dul:Action	propagated_from_hypernym	from oewn-02624202-v[propagated_from_hypernym]	R2	dul:Event	R2:dul:Event	R2=dul:Event_signals:1	live out one's life; live to the end		oewn-02624202-v	0	1	
oewn-01814287-v	lock	lock	v	dul:Action	propagated_from_hypernym	from oewn-01813288-v[propagated_from_hypernym]	R2	dul:State	R2:dul:State	R2=dul:State_signals:1	hold fast (in a certain state)	He was locked in a laughing fit	oewn-01813288-v	0	1	
oewn-02599707-v	lord it over	lord it over|queen it over|put on airs|act superior	v	dul:State	propagated_from_hypernym	from oewn-02372362-v[tier1_derivation]	R2	dul:Action	R2:dul:Action	R2=dul:Action_signals:1	act like the master of	He is lording it over the students	oewn-02372362-v	0	1	
oewn-02293733-v	lose	lose|turn a loss	v	dul:State	propagated_from_hypernym	from oewn-02372362-v[tier1_derivation]	R2	dul:Action	R2:dul:Action	R2=dul:Action_signals:1	fail to make money in a business; make a loss or fail to profit	I lost thousands of dollars on that bad investment! | The company turned a loss after the first year	oewn-02372362-v	0	1	
oewn-00675685-v	lowball	lowball|underestimate	v	dul:Process	propagated_from_hypernym	from oewn-00674352-v[propagated_from_hypernym]	R2	dul:Action	R2:dul:Action	R2=dul:Action_signals:1	make a deliberately low estimate	The construction company wanted the contract badly and lowballed	oewn-00674352-v	0	1	
oewn-02550634-v	luck it	luck it|luck through	v	dul:State	propagated_from_hypernym	from oewn-02550045-v[propagated_from_hypernym]	R2	dul:Action	R2:dul:Action	R2=dul:Action_signals:1	act by relying on one's luck		oewn-02550045-v	0	1	
oewn-02101822-v	lurch	lurch	v	dul:Action	propagated_from_hypernym	from oewn-01839438-v[tier1_derivation]	R2	dul:Process	R2:dul:Process	R2=dul:Process_signals:1	move slowly and unsteadily	The truck lurched down the road	oewn-01839438-v	0	1	
oewn-02646137-v	lurk	lurk|skulk	v	dul:Action	propagated_from_hypernym	from oewn-02149298-v[tier1_derivation]	R2	dul:State	R2:dul:State	R2=dul:State_signals:2	lie in wait, lie in ambush, behave in a sneaky and secretive manner		oewn-02149298-v	0	1	
oewn-00399390-v	macerate	macerate	v	dul:Process	propagated_from_hypernym	from oewn-00256275-v[tier1_derivation]	R2	dul:Action	R2:dul:Action	R2=dul:Action_signals:1	soften, usually by steeping in liquid, and cause to disintegrate as a result	macerate peaches | the gizzards macerates the food in the digestive system	oewn-00256275-v	0	1	
oewn-01627206-v	machine	machine	v	dul:Action	propagated_from_hypernym	from oewn-01663142-v[tier1_derivation]	R2	dul:Event	R2:dul:Event	R2=dul:Event_signals:1	turn, shape, mold, or otherwise finish by machinery		oewn-01663142-v	0	1	
oewn-00012260-v	make	make	v	dul:State	propagated_from_hypernym	from oewn-00010428-v[propagated_from_hypernym]	R2	dul:Action	R2:dul:Action	R2=dul:Action_signals:1	act in a certain way so as to acquire	make friends | make enemies	oewn-00010428-v	0	1	
oewn-00547033-v	make	make	v	dul:State	propagated_from_hypernym	from oewn-00544490-v[propagated_from_hypernym]	R2	dul:Process	R2:dul:Process	R2=dul:Process_signals:1	develop into	He will make a splendid father!	oewn-00544490-v	0	1	
oewn-02138515-v	make	make	v	dul:Action	tier3_default_action	gloss	R2	dul:Event	R2:dul:Event	R2=dul:Event_signals:1	appear to begin an activity	He made to speak but said nothing in the end | She made as if to say hello to us	oewn-02137900-v	0	1	
oewn-02566500-v	make	make|do	v	dul:State	propagated_from_hypernym	from oewn-02372362-v[tier1_derivation]	R2	dul:Action	R2:dul:Action	R2=dul:Action_signals:1	engage in	make love, not war | make an effort | do research | do nothing | make revolution	oewn-02372362-v	1	1	
oewn-02754634-v	make	make	v	dul:State	propagated_from_hypernym	from oewn-00109468-v[propagated_from_hypernym]	R2	dul:Process	R2:dul:Process	R2=dul:Process_signals:1	undergo fabrication or creation	This wool makes into a nice sweater	oewn-00109468-v	0	1	
oewn-02601231-v	make a point	make a point|make sure	v	dul:State	propagated_from_hypernym	from oewn-02372362-v[tier1_derivation]	R2	dul:Action	R2:dul:Action	R2=dul:Action_signals:2	make a point of doing something; act purposefully and intentionally		oewn-02372362-v	0	1	
oewn-00107272-v	make as if	make as if	v	dul:State	propagated_from_hypernym	from oewn-00010428-v[propagated_from_hypernym]	R2	dul:Event	R2:dul:Event	R2=dul:Event_signals:2	begin or appear to begin an action	He made as if to shake my hand	oewn-00010428-v	0	1	
oewn-02380015-v	make bold	make bold|dare|presume	v	dul:State	propagated_from_hypernym	from oewn-02372362-v[tier1_derivation]	R2	dul:Action	R2:dul:Action	R2=dul:Action_signals:1	take upon oneself; act presumptuously, without permission	How dare you call my lawyer?	oewn-02372362-v	0	1	
oewn-01095998-v	make peace	make peace	v	dul:State	propagated_from_hypernym	from oewn-00766947-v[tier1_derivation]	R2	dul:Event	R2:dul:Event	R2=dul:Event_signals:1	end hostilities	The brothers who had been fighting over their inheritance finally made peace	oewn-00766947-v	0	1	
oewn-00424028-v	manifest	manifest	v	dul:Event	propagated_from_hypernym	from oewn-00423043-v[tier1_derivation]	R2	dul:Action	R2:dul:Action	R2=dul:Action_signals:1	reveal its presence or make an appearance	the ghost manifests each year on the same day	oewn-00423043-v	0	1	
oewn-01112274-v	manoeuver	manoeuver|maneuver|manoeuvre|operate	v	dul:State	propagated_from_hypernym	from oewn-01079008-v[propagated_from_hypernym]	R2	dul:Action	R2:dul:Action	R2=dul:Action_signals:1	perform a movement in military or naval tactics in order to secure an advantage in attack or defense		oewn-01079008-v	1	1	
oewn-00524516-v	marbleize	marbleize|marbleise	v	dul:State	propagated_from_hypernym	from oewn-00356912-v[propagated_from_hypernym]	R2	dul:Action	R2:dul:Action	R2=dul:Action_signals:1	make something look like marble	marbleize the fireplace	oewn-00356912-v	0	1	
oewn-02303121-v	market	market	v	dul:State	propagated_from_hypernym	from oewn-02265169-v[propagated_from_hypernym]	R2	dul:Action	R2:dul:Action	R2=dul:Action_signals:1	engage in the commercial promotion, sale, or distribution of	The company is marketing its new line of beauty products	oewn-02265169-v	1	1	
oewn-00251067-v	mature	mature|maturate|grow	v	dul:Action	propagated_from_hypernym	from oewn-00252905-v[propagated_from_hypernym]	R2	dul:Process	R2:dul:Process	R2=dul:Process_signals:2	develop and reach maturity; undergo maturation	He matured fast | The child grew fast	oewn-00252905-v	3	1	
oewn-00928127-v	mature	mature	v	dul:Action	propagated_from_hypernym	from oewn-00927844-v[propagated_from_hypernym]	R2	dul:Process	R2:dul:Process	R2=dul:Process_signals:1	develop and work out fully in one's mind	I need to mature my thoughts	oewn-00927844-v	0	1	
oewn-02011125-v	max out	max out	v	dul:Action	propagated_from_hypernym	from oewn-02010848-v[propagated_from_hypernym]	R2	dul:Event	R2:dul:Event	R2=dul:Event_signals:1	reach a maximum	I maxed out on all my credit cards	oewn-02010848-v	0	1	
oewn-00396747-v	melt	melt|meld	v	dul:Action	propagated_from_hypernym	from oewn-00395719-v[tier1_derivation]	R2	dul:Process	R2:dul:Process	R2=dul:Process_signals:1	lose its distinct outline or shape; blend gradually	Hundreds of actors were melting into the scene	oewn-00395719-v	0	1	
oewn-00445584-v	melt	melt|run|melt down	v	dul:Process	propagated_from_hypernym	from oewn-00448264-v[tier1_derivation]	R2	dul:Action	R2:dul:Action	R2=dul:Action_signals:1	reduce or cause to be reduced from a solid to a liquid state, usually by heating	melt butter | melt down gold | The wax melted in the sun	oewn-00448264-v	2	1	
oewn-00012130-v	menace	menace	v	dul:State	propagated_from_hypernym	from oewn-00010428-v[propagated_from_hypernym]	R2	dul:Action	R2:dul:Action	R2=dul:Action_signals:1	act in a threatening manner	A menacing person	oewn-00010428-v	0	1	
oewn-00061974-v	menstruate	menstruate|flow	v	dul:Action	propagated_from_hypernym	from oewn-00074587-v[propagated_from_hypernym]	R2	dul:Process	R2:dul:Process	R2=dul:Process_signals:1	undergo menstruation	She started menstruating at the age of 11	oewn-00074587-v	0	1	
oewn-01790439-v	miff	miff	v	dul:State	propagated_from_hypernym	from oewn-01789790-v[tier1_derivation]	R2	dul:Action	R2:dul:Action	R2=dul:Action_signals:1	cause to be annoyed	His behavior really miffed me	oewn-01789790-v	0	1	
oewn-00586683-v	mineralize	mineralize	v	dul:Action	propagated_from_hypernym	from oewn-00114965-v[tier1_derivation]	R2	dul:Process	R2:dul:Process	R2=dul:Process_signals:1	transform (a metal) into an ore		oewn-00114965-v	0	1	
oewn-00686426-v	misbelieve	misbelieve	v	dul:Action	propagated_from_hypernym	from oewn-00686192-v[propagated_from_hypernym]	R2	dul:State	R2:dul:State	R2=dul:State_signals:1	hold a false or unorthodox belief		oewn-00686192-v	0	1	
oewn-02026505-v	miss	miss	v	dul:State	propagated_from_hypernym	from oewn-02534046-v[propagated_from_hypernym]	R2	dul:Event	R2:dul:Event	R2=dul:Event_signals:1	fail to reach or get to	She missed her train	oewn-02534046-v	0	1	
oewn-00229284-v	moonshine	moonshine	v	dul:Process	propagated_from_hypernym	from oewn-00229706-v[tier1_derivation]	R2	dul:Action	R2:dul:Action	R2=dul:Action_signals:1	distill (alcohol) illegally; produce moonshine		oewn-00229706-v	0	1	
oewn-01922662-v	mope	mope|mope around	v	dul:State	propagated_from_hypernym	from oewn-01835473-v[propagated_from_hypernym]	R2	dul:Process	R2:dul:Process	R2=dul:Process_signals:1	move around slowly and aimlessly		oewn-01835473-v	0	1	
oewn-01805829-v	mortify	mortify|subdue|crucify	v	dul:Action	propagated_from_hypernym	from oewn-02516039-v[tier1_derivation]	R2	dul:State	R2:dul:State	R2=dul:State_signals:1	hold within limits and control	subdue one's appetites | mortify the flesh	oewn-02516039-v	1	1	
oewn-00243091-v	mummify	mummify|dry up	v	dul:Action	propagated_from_hypernym	from oewn-00242575-v[propagated_from_hypernym]	R2	dul:Event	R2:dul:Event	R2=dul:Event_signals:1	dry up and shrivel due to complete loss of moisture	a mummified body was found	oewn-00242575-v	0	1	
oewn-00119681-v	mutate	mutate	v	dul:State	propagated_from_hypernym	from oewn-00109468-v[propagated_from_hypernym]	R2	dul:Process	R2:dul:Process	R2=dul:Process_signals:1	undergo mutation	cells mutate	oewn-00109468-v	1	1	
oewn-00764523-v	negociate	negociate	v	dul:Action	propagated_from_hypernym	from oewn-00815640-v[propagated_from_hypernym]	R2	dul:Event	R2:dul:Event	R2=dul:Event_signals:2	confer with another in order to come to terms or reach an agreement	The parties negociated all night	oewn-00815640-v	4	1	
oewn-02697196-v	nestle	nestle	v	dul:Event	tier3_default_event	gloss	R2	dul:State	R2:dul:State	R2=dul:State_signals:1	lie in a sheltered position	The little cottage nestles in the forest	oewn-02696550-v	0	1	
oewn-02125180-v	nettle	nettle|urticate	v	dul:Event	tier3_default_event	gloss	R2	dul:Action	R2:dul:Action	R2=dul:Action_signals:1	sting with or as with nettles and cause a stinging pain or sensation		oewn-02124916-v	0	1	
oewn-01387667-v	nickel-and-dime	nickel-and-dime	v	dul:Action	propagated_from_hypernym	from oewn-01387406-v[propagated_from_hypernym]	R2	dul:Process	R2:dul:Process	R2=dul:Process_signals:2	accumulate gradually	she nickeled-and-dimed together a small house for her family	oewn-01387406-v	0	1	
oewn-00351543-v	obstinate	obstinate	v	dul:Action	propagated_from_hypernym	from oewn-00351115-v[tier1_derivation]	R2	dul:State	R2:dul:State	R2=dul:State_signals:1	persist stubbornly	he obstinates himself against all rational arguments	oewn-00351115-v	0	1	
oewn-00725311-v	occur	occur|come	v	dul:State	propagated_from_hypernym	from oewn-02629610-v[propagated_from_hypernym]	R2	dul:Event	R2:dul:Event	R2=dul:Event_signals:1	come to one's mind; suggest itself	It occurred to me that we should hire another secretary | A great idea then came to her	oewn-02629610-v	1	1	
oewn-02130106-v	odorize	odorize|odourise|scent	v	dul:Event	tier3_default_event	gloss	R2	dul:Action	R2:dul:Action	R2=dul:Action_signals:1	cause to smell or be smelly		oewn-02128368-v	3	1	
oewn-02161791-v	offer	offer	v	dul:State	propagated_from_hypernym	from oewn-02161530-v[propagated_from_hypernym]	R2	dul:Action	R2:dul:Action	R2=dul:Action_signals:1	produce or introduce on the stage	The Shakespeare Company is offering ‘King Lear’ this month	oewn-02161530-v	0	1	
oewn-02387229-v	officiate	officiate	v	dul:State	propagated_from_hypernym	from oewn-02379855-v[propagated_from_hypernym]	R2	dul:Action	R2:dul:Action	R2=dul:Action_signals:1	act in an official capacity in a ceremony or religious ritual, such as a wedding	Who officiated at your wedding?	oewn-02379855-v	1	1	
oewn-01608458-v	ooze through	ooze through	v	dul:Action	propagated_from_hypernym	from oewn-01230239-v[propagated_from_hypernym]	R2	dul:Process	R2:dul:Process	R2=dul:Process_signals:2	run slowly and gradually	Blood oozed through the bandage	oewn-01230239-v	1	1	
oewn-02430309-v	open	open	v	dul:Action	propagated_from_hypernym	from oewn-01654152-v[tier1_derivation]	R2	dul:Event	R2:dul:Event	R2=dul:Event_signals:1	begin or set in action, of meetings, speeches, recitals, etc.	He opened the meeting with a long speech	oewn-01654152-v	2	1	
oewn-02431018-v	open	open|open up	v	dul:Action	propagated_from_hypernym	from oewn-00346415-v[tier1_derivation]	R2	dul:Event	R2:dul:Event	R2=dul:Event_signals:2	start to operate or function or cause to start operating or functioning	open a business	oewn-00346415-v	1	1	
oewn-00083562-v	operate on	operate on|operate	v	dul:State	propagated_from_hypernym	from oewn-00078513-v[propagated_from_hypernym]	R2	dul:Action	R2:dul:Action	R2=dul:Action_signals:1	perform surgery on	The doctors operated on the patient but failed to save his life	oewn-00078513-v	4	1	
oewn-00011845-v	optimize	optimize|optimise	v	dul:State	propagated_from_hypernym	from oewn-00010428-v[propagated_from_hypernym]	R2	dul:Action	R2:dul:Action	R2=dul:Action_signals:1	act as an optimist and take a sunny view of the world		oewn-00010428-v	0	1	
oewn-02749218-v	originate	originate	v	dul:Action	propagated_from_hypernym	from oewn-02614382-v[tier1_derivation]	R2	dul:Event	R2:dul:Event	R2=dul:Event_signals:1	begin a trip at a certain point, as of a plane, train, bus, etc.	The flight originates in Calcutta	oewn-02614382-v	0	1	
oewn-00661044-v	outclass	outclass	v	dul:State	propagated_from_hypernym	from oewn-00661206-v[tier1_derivation]	R2	dul:Action	R2:dul:Action	R2=dul:Action_signals:1	cause to appear in a lower class	The Yankees outclassed Cincinnati	oewn-00661206-v	0	1	
oewn-00544825-v	outgrow	outgrow	v	dul:State	propagated_from_hypernym	from oewn-00544490-v[propagated_from_hypernym]	R2	dul:Process	R2:dul:Process	R2=dul:Process_signals:1	grow too large or too mature for	I have outgrown these clothes | She outgrew her childish habits	oewn-00544490-v	0	1	
oewn-01550579-v	overlie	overlie	v	dul:Action	propagated_from_hypernym	from oewn-01549783-v[tier2_indirect]	R2	dul:State	R2:dul:State	R2=dul:State_signals:2	lie upon; lie on top of	the granite overlies the older rocks	oewn-01549783-v	0	1	
oewn-01744349-v	overproduce	overproduce	v	dul:Process	propagated_from_hypernym	from oewn-01743695-v[propagated_from_hypernym]	R2	dul:Action	R2:dul:Action	R2=dul:Action_signals:2	produce in excess; produce more than needed or wanted		oewn-01743695-v	0	1	
oewn-02643550-v	overstay	overstay|outstay	v	dul:Action	propagated_from_hypernym	from oewn-02643286-v[tier1_derivation]	R2	dul:State	R2:dul:State	R2=dul:State_signals:1	stay too long	overstay or outstay one's welcome	oewn-02643286-v	0	1	
oewn-90002041-v	overthink	overthink	v	dul:Process	propagated_from_hypernym	from oewn-00741345-v[tier1_derivation]	R2	dul:Event	R2:dul:Event	R2=dul:Event_signals:1	to spend to much time considering something and thus reach the wrong conclusion		oewn-00741345-v	0	1	
oewn-01688794-v	paint	paint	v	dul:State	propagated_from_hypernym	from oewn-01689208-v[propagated_from_hypernym]	R2	dul:Action	R2:dul:Action	R2=dul:Action_signals:1	make a painting	he painted all day in the garden | He painted a painting of the garden	oewn-01689208-v	9	1	
oewn-01467994-v	pair	pair|geminate	v	dul:State	propagated_from_hypernym	from oewn-02618403-v[propagated_from_hypernym]	R2	dul:Event	R2:dul:Event	R2=dul:Event_signals:1	occur in pairs		oewn-02618403-v	0	1	
oewn-00233461-v	pare	pare|pare down	v	dul:Action	propagated_from_hypernym	from oewn-00442400-v[tier2_indirect]	R2	dul:Process	R2:dul:Process	R2=dul:Process_signals:1	decrease gradually or bit by bit		oewn-00442400-v	0	1	
oewn-02376775-v	partner	partner	v	dul:State	propagated_from_hypernym	from oewn-02372362-v[tier1_derivation]	R2	dul:Action	R2:dul:Action	R2=dul:Action_signals:1	act as a partner	Astaire partnered Rogers	oewn-02372362-v	0	1	
oewn-02064365-v	percolate	percolate	v	dul:Action	propagated_from_hypernym	from oewn-02064069-v[tier1_derivation]	R2	dul:Process	R2:dul:Process	R2=dul:Process_signals:1	spread gradually	Light percolated into our house in the morning	oewn-02064069-v	0	1	
oewn-02379855-v	perform	perform	v	dul:State	propagated_from_hypernym	from oewn-02372362-v[tier1_derivation]	R2	dul:Action	R2:dul:Action	R2=dul:Action_signals:1	perform a function	Who will perform the wedding?	oewn-02372362-v	2	1	
oewn-00395287-v	phase	phase	v	dul:Action	propagated_from_hypernym	from oewn-00394859-v[propagated_from_hypernym]	R2	dul:State	R2:dul:State	R2=dul:State_signals:1	adjust so as to be in a synchronized condition	he phased the intake with the output of the machine	oewn-00394859-v	0	1	
oewn-01646259-v	phase in	phase in	v	dul:Action	propagated_from_hypernym	from oewn-01645979-v[tier1_derivation]	R2	dul:Process	R2:dul:Process	R2=dul:Process_signals:1	introduce gradually		oewn-01645979-v	0	1	
oewn-01646362-v	phase out	phase out	v	dul:Action	propagated_from_hypernym	from oewn-00353480-v[tier1_derivation]	R2	dul:Process	R2:dul:Process	R2=dul:Process_signals:1	terminate gradually		oewn-00353480-v	0	1	
oewn-02740528-v	photograph	photograph	v	dul:Event	tier3_default_event	gloss	R2	dul:Process	R2:dul:Process	R2=dul:Process_signals:1	undergo being photographed in a certain way	Children photograph well	oewn-02137900-v	0	1	
oewn-00106597-v	piffle	piffle	v	dul:State	propagated_from_hypernym	from oewn-00010428-v[propagated_from_hypernym]	R2	dul:Action	R2:dul:Action	R2=dul:Action_signals:1	act in a trivial or ineffective way		oewn-00010428-v	0	1	
oewn-02183153-v	ping	ping	v	dul:Event	tier3_default_event	gloss	R2	dul:Action	R2:dul:Action	R2=dul:Action_signals:1	make a short high-pitched sound	the bullet pinged when they struck the car	oewn-02180712-v	0	1	
oewn-01052437-v	pipe up	pipe up	v	dul:Action	propagated_from_hypernym	from oewn-01716563-v[tier1_derivation]	R2	dul:Event	R2:dul:Event	R2=dul:Event_signals:1	begin to play or sing		oewn-01716563-v	0	1	
oewn-01793089-v	pique	pique|offend	v	dul:State	propagated_from_hypernym	from oewn-01789790-v[tier1_derivation]	R2	dul:Action	R2:dul:Action	R2=dul:Action_signals:1	cause to feel resentment or indignation	Her tactless remark offended me	oewn-01789790-v	0	1	
oewn-01089102-v	place	place	v	dul:Action	propagated_from_hypernym	from oewn-01088514-v[tier1_derivation]	R2	dul:Event	R2:dul:Event	R2=dul:Event_signals:1	finish second or better in a horse or dog race	he bet $2 on number six to place	oewn-01088514-v	0	1	
oewn-00706993-v	plan	plan|be after	v	dul:State	propagated_from_hypernym	from oewn-00710367-v[propagated_from_hypernym]	R2	dul:Action	R2:dul:Action	R2=dul:Action_signals:1	have the will and intention to carry out some action	He plans to be in graduate school next year | The rebels had planned turmoil and confusion	oewn-00710367-v	3	1	
oewn-00013321-v	play	play|toy	v	dul:State	propagated_from_hypernym	from oewn-00010428-v[propagated_from_hypernym]	R2	dul:Action	R2:dul:Action	R2=dul:Action_signals:1	engage in an activity as if it were a game rather than take it seriously	They played games on their opponents | play the stock market | play with her feelings | toy with an idea	oewn-00010428-v	0	1	
oewn-02375741-v	play	play	v	dul:State	propagated_from_hypernym	from oewn-02372362-v[tier1_derivation]	R2	dul:Action	R2:dul:Action	R2=dul:Action_signals:1	act or have an effect in a specified way or with a specific effect or outcome	This factor played only a minor part in his decision | This development played into her hands | I played no role in your dismissal	oewn-02372362-v	0	1	
oewn-02423521-v	play	play|recreate	v	dul:State	propagated_from_hypernym	from oewn-02372362-v[tier1_derivation]	R2	dul:Action	R2:dul:Action	R2=dul:Action_signals:1	engage in recreational activities rather than work; occupy oneself in a diversion	On weekends I play | The students all recreate alike	oewn-02372362-v	0	1	
oewn-01084045-v	play out	play out	v	dul:Action	propagated_from_hypernym	from oewn-01075360-v[propagated_from_hypernym]	R2	dul:Event	R2:dul:Event	R2=dul:Event_signals:1	play to a finish	We have got to play this game out, even thought it is clear that we have last	oewn-01075360-v	0	1	
oewn-01018325-v	plead	plead	v	dul:Process	propagated_from_hypernym	from oewn-01018011-v[propagated_from_hypernym]	R2	dul:Action	R2:dul:Action	R2=dul:Action_signals:1	make an allegation in an action or other legal proceeding, especially answer the previous pleading of the other party by denying facts therein stated or by alleging new facts		oewn-01018011-v	1	1	
oewn-00351920-v	plug	plug|plug away	v	dul:Action	propagated_from_hypernym	from oewn-00351115-v[tier1_derivation]	R2	dul:State	R2:dul:State	R2=dul:State_signals:1	persist in working hard	Students must plug away at this problem	oewn-00351115-v	0	1	
oewn-00348572-v	plunge	plunge|launch	v	dul:Action	propagated_from_hypernym	from oewn-00346415-v[tier1_derivation]	R2	dul:Event	R2:dul:Event	R2=dul:Event_signals:1	begin with vigor	He launched into a long diatribe | She plunged into a dangerous adventure	oewn-00346415-v	0	1	
oewn-01605239-v	poise	poise|balance	v	dul:Action	propagated_from_hypernym	from oewn-01604155-v[tier1_derivation]	R2	dul:State	R2:dul:State	R2=dul:State_signals:1	hold or carry in equilibrium		oewn-01604155-v	1	1	
oewn-00267083-v	polymerize	polymerize|polymerise	v	dul:State	propagated_from_hypernym	from oewn-00139943-v[propagated_from_hypernym]	R2	dul:Process	R2:dul:Process	R2=dul:Process_signals:1	undergo polymerization		oewn-00139943-v	1	1	
oewn-00099271-v	poop out	poop out|peter out|run down|run out|conk out	v	dul:Process	propagated_from_hypernym	from oewn-00075867-v[propagated_from_hypernym]	R2	dul:Event	R2:dul:Event	R2=dul:Event_signals:1	use up all one's strength and energy and stop working	At the end of the march, I pooped out	oewn-00075867-v	0	1	
oewn-02190434-v	pop	pop	v	dul:Event	tier3_default_event	gloss	R2	dul:Action	R2:dul:Action	R2=dul:Action_signals:1	make a sharp explosive noise	The cork of the champagne bottle popped	oewn-02180712-v	1	1	
oewn-01241766-v	port	port	v	dul:Action	propagated_from_hypernym	from oewn-01452567-v[tier1_derivation]	R2	dul:State	R2:dul:State	R2=dul:State_signals:1	carry or hold with both hands diagonally across the body, especially of weapons	port a rifle	oewn-01452567-v	0	1	
oewn-01983099-v	port	port	v	dul:Action	propagated_from_hypernym	from oewn-01983915-v[tier1_derivation]	R2	dul:Event	R2:dul:Event	R2=dul:Event_signals:1	land at or reach a port	The ship finally ported	oewn-01983915-v	0	1	
oewn-01967662-v	power-dive	power-dive	v	dul:Event	propagated_from_hypernym	from oewn-01971380-v[propagated_from_hypernym]	R2	dul:Action	R2:dul:Action	R2=dul:Action_signals:1	make a power dive	The airplane power-dived	oewn-01971380-v	0	1	
oewn-00765181-v	powwow	powwow	v	dul:Action	propagated_from_hypernym	from oewn-00815640-v[propagated_from_hypernym]	R2	dul:State	R2:dul:State	R2=dul:State_signals:1	hold a powwow, talk, conference or meeting		oewn-00815640-v	0	1	
oewn-02610107-v	preexist	preexist	v	dul:Event	tier3_default_event	gloss	R2	dul:State	R2:dul:State	R2=dul:State_signals:1	exist beforehand or prior to a certain point in time	Did this condition pre-exist?	oewn-02609706-v	0	1	
oewn-01997581-v	press on	press on|push on|plough on	v	dul:Action	propagated_from_hypernym	from oewn-01996535-v[tier1_derivation]	R2	dul:State	R2:dul:State	R2=dul:State_signals:1	continue moving forward		oewn-01996535-v	0	1	
oewn-00011544-v	presume	presume	v	dul:State	propagated_from_hypernym	from oewn-00010428-v[propagated_from_hypernym]	R2	dul:Action	R2:dul:Action	R2=dul:Action_signals:1	take liberties or act with too much confidence		oewn-00010428-v	0	1	
oewn-02653599-v	prevail	prevail|persist|die hard|run|endure	v	dul:Event	tier3_default_event	gloss	R2	dul:State	R2:dul:State	R2=dul:State_signals:2	continue to exist	These stories die hard | The legend of Elvis endures	oewn-00118331-v	2	1	
oewn-02260917-v	prize	prize|value|treasure|appreciate	v	dul:Process	propagated_from_hypernym	from oewn-00692380-v[propagated_from_hypernym]	R2	dul:State	R2:dul:State	R2=dul:State_signals:1	hold dear	I prize these old photographs	oewn-00692380-v	2	1	
oewn-00640499-v	process	process	v	dul:Process	propagated_from_hypernym	from oewn-00638921-v[propagated_from_hypernym]	R2	dul:Action	R2:dul:Action	R2=dul:Action_signals:1	perform mathematical and logical operations on (data) according to programmed instructions in order to obtain the required information	The results of the elections were still being processed when he gave his acceptance speech	oewn-00638921-v	0	1	
oewn-01756692-v	produce	produce|bring about|give rise	v	dul:Action	propagated_from_hypernym	from oewn-01620211-v[propagated_from_hypernym]	R2	dul:Event	R2:dul:Event	R2=dul:Event_signals:2	cause to happen, occur or exist	This procedure produces a curious effect | The new law gave rise to many complaints | These chemicals produce a noxious vapor | the new President must bring about a change in the health care system	oewn-01620211-v	2	1	
oewn-02185193-v	project	project	v	dul:Event	tier3_default_event	gloss	R2	dul:Action	R2:dul:Action	R2=dul:Action_signals:1	cause to be heard	His voice projects well	oewn-02128368-v	0	1	
oewn-00640993-v	prorate	prorate	v	dul:State	propagated_from_hypernym	from oewn-02259066-v[propagated_from_hypernym]	R2	dul:Action	R2:dul:Action	R2=dul:Action_signals:1	make a proportional settlement or distribution		oewn-02259066-v	0	1	
oewn-01065210-v	provide	provide	v	dul:Action	propagated_from_hypernym	from oewn-01020937-v[propagated_from_hypernym]	R2	dul:Event	R2:dul:Event	R2=dul:Event_signals:1	determine (what is to happen in certain contingencies), especially by including a proviso condition or stipulation	The will provides that each child should receive half of the money | The Constitution provides for the right to free speech	oewn-01020937-v	0	1	
oewn-01650408-v	provoke	provoke|evoke|call forth|kick up	v	dul:Action	propagated_from_hypernym	from oewn-01649143-v[tier1_derivation]	R2	dul:Event	R2:dul:Event	R2=dul:Event_signals:1	evoke or provoke to appear or occur	Her behavior provoked a quarrel between the couple	oewn-01649143-v	1	1	
oewn-01174238-v	pub-crawl	pub-crawl|bar hop	v	dul:Action	propagated_from_hypernym	from oewn-01173463-v[tier1_derivation]	R2	dul:Process	R2:dul:Process	R2=dul:Process_signals:1	go from one pub to the next and get progressively more drunk	he pub-crawled around Birmingham	oewn-01173463-v	0	1	
oewn-00264568-v	puff	puff|puff up|blow up|puff out	v	dul:Process	propagated_from_hypernym	from oewn-00257393-v[tier1_derivation]	R2	dul:Action	R2:dul:Action	R2=dul:Action_signals:1	to swell or cause to enlarge	Her faced puffed up from the drugs | puffed out chests	oewn-00257393-v	0	1	
oewn-02409609-v	pull off	pull off	v	dul:State	propagated_from_hypernym	from oewn-02409366-v[propagated_from_hypernym]	R2	dul:Action	R2:dul:Action	R2=dul:Action_signals:1	cause to withdraw	We pulled this firm off the project because they overcharged	oewn-02409366-v	0	1	
oewn-02528530-v	pull off	pull off|negociate|bring off|carry off|manage	v	dul:State	propagated_from_hypernym	from oewn-02529837-v[propagated_from_hypernym]	R2	dul:Event	R2:dul:Event	R2=dul:Event_signals:1	be successful; achieve a goal	I managed to carry the box upstairs | She pulled it off, even though we never thought her capable of it | The pianist negociated the difficult runs	oewn-02529837-v	0	1	
oewn-00096274-v	pupate	pupate	v	dul:Action	propagated_from_hypernym	from oewn-00094214-v[tier1_derivation]	R2	dul:Process	R2:dul:Process	R2=dul:Process_signals:1	develop into a pupa	the insect larva pupate	oewn-00094214-v	0	1	
oewn-00701392-v	purpose	purpose|resolve	v	dul:Action	propagated_from_hypernym	from oewn-00699355-v[tier1_derivation]	R2	dul:Event	R2:dul:Event	R2=dul:Event_signals:1	reach a decision	he resolved never to drink again	oewn-00699355-v	0	1	
oewn-02115982-v	put	put	v	dul:Action	propagated_from_hypernym	from oewn-02115410-v[propagated_from_hypernym]	R2	dul:Process	R2:dul:Process	R2=dul:Process_signals:1	cause (someone) to undergo something	He put her to the torture	oewn-02115410-v	0	1	
oewn-01618895-v	put away	put away|put aside	v	dul:Action	propagated_from_hypernym	from oewn-02686624-v[tier1_derivation]	R2	dul:Event	R2:dul:Event	R2=dul:Event_signals:1	stop using	the children were told to put away their toys | the students put away their notebooks	oewn-02686624-v	0	1	
oewn-01618361-v	put out	put out|retire	v	dul:Event	propagated_from_hypernym	from oewn-01589199-v[propagated_from_hypernym]	R2	dul:Action	R2:dul:Action	R2=dul:Action_signals:1	cause to be out on a fielding play		oewn-01589199-v	0	1	
oewn-00157902-v	pyramid	pyramid	v	dul:Action	propagated_from_hypernym	from oewn-00156409-v[tier1_derivation]	R2	dul:Process	R2:dul:Process	R2=dul:Process_signals:1	increase rapidly and progressively step by step on a broad base		oewn-00156409-v	0	1	
oewn-00011975-v	quack	quack	v	dul:State	propagated_from_hypernym	from oewn-00010428-v[propagated_from_hypernym]	R2	dul:Action	R2:dul:Action	R2=dul:Action_signals:1	act as a medical quack or a charlatan		oewn-00010428-v	0	1	
oewn-01903151-v	quickstep	quickstep	v	dul:State	propagated_from_hypernym	from oewn-01712535-v[propagated_from_hypernym]	R2	dul:Action	R2:dul:Action	R2=dul:Action_signals:1	perform a quickstep		oewn-01712535-v	0	1	
oewn-02164982-v	radiate	radiate	v	dul:Event	tier3_default_event	gloss	R2	dul:Action	R2:dul:Action	R2=dul:Action_signals:1	cause to be seen by emitting light as if in rays	The sun is radiating	oewn-02128368-v	3	1	
oewn-01979601-v	raise	raise|leaven|prove	v	dul:Event	propagated_from_hypernym	from oewn-01978076-v[tier1_derivation]	R2	dul:Action	R2:dul:Action	R2=dul:Action_signals:1	cause to puff up with a leaven	unleavened bread	oewn-01978076-v	0	1	
oewn-02690276-v	ramble on	ramble on|ramble|jog	v	dul:Action	propagated_from_hypernym	from oewn-00783045-v[tier1_derivation]	R2	dul:State	R2:dul:State	R2=dul:State_signals:1	continue talking or writing in a desultory manner	This novel rambles on and jogs	oewn-00783045-v	0	1	
oewn-02590991-v	rampage	rampage	v	dul:State	propagated_from_hypernym	from oewn-02372362-v[tier1_derivation]	R2	dul:Action	R2:dul:Action	R2=dul:Action_signals:1	act violently, recklessly, or destructively		oewn-02372362-v	1	1	
oewn-02274330-v	rationalize	rationalize|rationalise	v	dul:Action	propagated_from_hypernym	from oewn-02437377-v[tier1_derivation]	R2	dul:Event	R2:dul:Event	R2=dul:Event_signals:1	structure and run according to rational or scientific principles in order to achieve desired results	We rationalized the factory's production and raised profits	oewn-02437377-v	0	1	
oewn-01542701-v	reabsorb	reabsorb|resorb	v	dul:State	propagated_from_hypernym	from oewn-01542421-v[propagated_from_hypernym]	R2	dul:Process	R2:dul:Process	R2=dul:Process_signals:1	undergo resorption		oewn-01542421-v	0	1	
oewn-02010848-v	reach	reach|hit|attain	v	dul:Action	propagated_from_hypernym	from oewn-02009962-v[tier1_derivation]	R2	dul:Event	R2:dul:Event	R2=dul:Event_signals:1	reach a point in time, or a certain state or level	The thermometer hit 100 degrees | This car can reach a speed of 140 miles per hour	oewn-02009962-v	2	1	
oewn-02024442-v	reach	reach|make|attain|hit|arrive at|gain	v	dul:State	propagated_from_hypernym	from oewn-02372362-v[tier1_derivation]	R2	dul:Event	R2:dul:Event	R2=dul:Event_signals:1	reach a destination, either real or abstract	We hit Detroit by noon | The water reached the doorstep | We barely made it to the finish line | I have to hit the MAC machine before the weekend starts	oewn-02372362-v	13	1	
oewn-02026014-v	reach	reach|make|get to|progress to	v	dul:Action	propagated_from_hypernym	from oewn-02531751-v[tier1_derivation]	R2	dul:Event	R2:dul:Event	R2=dul:Event_signals:1	reach a goal	make the first team | We made it! | She may not make the grade	oewn-02531751-v	0	1	
oewn-00447840-v	react	react	v	dul:State	propagated_from_hypernym	from oewn-00145958-v[propagated_from_hypernym]	R2	dul:Process	R2:dul:Process	R2=dul:Process_signals:1	undergo a chemical reaction; react with another substance under certain conditions	The hydrogen and the oxygen react	oewn-00145958-v	1	1	
oewn-02383714-v	react	react|oppose	v	dul:State	propagated_from_hypernym	from oewn-02372362-v[tier1_derivation]	R2	dul:Action	R2:dul:Action	R2=dul:Action_signals:1	act against or in opposition to	She reacts negatively to everything I say	oewn-02372362-v	2	1	
oewn-01711354-v	realize	realize|realise	v	dul:Action	propagated_from_hypernym	from oewn-01711165-v[propagated_from_hypernym]	R2	dul:Event	R2:dul:Event	R2=dul:Event_signals:1	expand or complete (a part in a piece of baroque music) by supplying the harmonies indicated in the figured bass		oewn-01711165-v	0	1	
oewn-01985947-v	rear back	rear back	v	dul:State	propagated_from_hypernym	from oewn-01914366-v[propagated_from_hypernym]	R2	dul:Event	R2:dul:Event	R2=dul:Event_signals:1	start with anger or resentment or in protest		oewn-01914366-v	0	1	
oewn-01239652-v	rear-end	rear-end	v	dul:Action	propagated_from_hypernym	from oewn-01238728-v[tier1_derivation]	R2	dul:Event	R2:dul:Event	R2=dul:Event_signals:1	collide with the rear end of	The car rear-ended me	oewn-01238728-v	0	1	
oewn-00384542-v	reclaim	reclaim	v	dul:Action	propagated_from_hypernym	from oewn-00114965-v[tier1_derivation]	R2	dul:Process	R2:dul:Process	R2=dul:Process_signals:1	make useful again; transform from a useless or uncultivated state	The people reclaimed the marshes	oewn-00114965-v	0	1	
oewn-00567101-v	recombine	recombine	v	dul:State	propagated_from_hypernym	from oewn-00109468-v[propagated_from_hypernym]	R2	dul:Process	R2:dul:Process	R2=dul:Process_signals:1	undergo genetic recombination	The DNA can recombine	oewn-00109468-v	0	1	
oewn-00347191-v	recommence	recommence	v	dul:Action	propagated_from_hypernym	from oewn-00346415-v[tier1_derivation]	R2	dul:Event	R2:dul:Event	R2=dul:Event_signals:1	begin again	we recommenced his reading after a short nap	oewn-00346415-v	0	1	
oewn-02143834-v	redevelop	redevelop	v	dul:Action	propagated_from_hypernym	from oewn-02143239-v[propagated_from_hypernym]	R2	dul:Process	R2:dul:Process	R2=dul:Process_signals:1	develop for a second time, in order to improve the contrast, colour, etc., of a negative or print		oewn-02143239-v	0	1	
oewn-01561364-v	reduce	reduce	v	dul:State	propagated_from_hypernym	from oewn-01560556-v[propagated_from_hypernym]	R2	dul:Process	R2:dul:Process	R2=dul:Process_signals:1	undergo meiosis	The cells reduce	oewn-01560556-v	0	1	
oewn-00097695-v	regenerate	regenerate	v	dul:State	propagated_from_hypernym	from oewn-00109468-v[propagated_from_hypernym]	R2	dul:Process	R2:dul:Process	R2=dul:Process_signals:1	undergo regeneration		oewn-00109468-v	1	1	
oewn-00094766-v	regrow	regrow	v	dul:Action	propagated_from_hypernym	from oewn-00094214-v[tier1_derivation]	R2	dul:State	R2:dul:State	R2=dul:State_signals:1	grow anew or continue growth after an injury or interruption	parts of the trunk of this tree can regrow | some invertebrates can regrow limbs or their tail after they lost it due to an injury	oewn-00094214-v	0	1	
oewn-00579939-v	rejuvenate	rejuvenate	v	dul:State	propagated_from_hypernym	from oewn-00109468-v[propagated_from_hypernym]	R2	dul:Process	R2:dul:Process	R2=dul:Process_signals:1	develop youthful topographical features	the land rejuvenated	oewn-00109468-v	0	1	
oewn-00796045-v	rejuvenate	rejuvenate	v	dul:Action	propagated_from_hypernym	from oewn-00795741-v[propagated_from_hypernym]	R2	dul:Process	R2:dul:Process	R2=dul:Process_signals:1	cause (a stream or river) to erode, as by an uplift of the land		oewn-00795741-v	0	1	
oewn-02603965-v	remember oneself	remember oneself	v	dul:State	propagated_from_hypernym	from oewn-02525332-v[propagated_from_hypernym]	R2	dul:Event	R2:dul:Event	R2=dul:Event_signals:1	recover one's good manners after a lapse or stop behaving badly	Please remember yourself, Charles!	oewn-02525332-v	0	1	
oewn-02466042-v	rent	rent|hire|charter|lease	v	dul:Action	propagated_from_hypernym	from oewn-00890307-v[propagated_from_hypernym]	R2	dul:State	R2:dul:State	R2=dul:State_signals:1	hold under a lease or rental agreement; of goods and services		oewn-00890307-v	0	1	
oewn-01550854-v	repose	repose	v	dul:Action	propagated_from_hypernym	from oewn-01549783-v[tier2_indirect]	R2	dul:State	R2:dul:State	R2=dul:State_signals:1	lie when dead	Mao reposes in his mausoleum	oewn-01549783-v	0	1	
oewn-00002325-v	respire	respire	v	dul:State	propagated_from_hypernym	from oewn-02112831-v[propagated_from_hypernym]	R2	dul:Process	R2:dul:Process	R2=dul:Process_signals:1	undergo the biomedical and metabolic processes of respiration by taking up oxygen and producing carbon monoxide		oewn-02112831-v	0	1	
oewn-01862672-v	restart	restart|re-start	v	dul:Action	propagated_from_hypernym	from oewn-01861703-v[tier1_derivation]	R2	dul:Event	R2:dul:Event	R2=dul:Event_signals:1	start an engine again, for example		oewn-01861703-v	0	1	
oewn-00350758-v	resume	resume|restart|re-start	v	dul:Action	propagated_from_hypernym	from oewn-02685709-v[tier2_indirect]	R2	dul:Event	R2:dul:Event	R2=dul:Event_signals:1	take up or begin anew	We resumed the negotiations	oewn-02685709-v	0	1	
oewn-02415305-v	retain	retain|continue|keep|keep on	v	dul:Action	propagated_from_hypernym	from oewn-02685340-v[tier1_derivation]	R2	dul:State	R2:dul:State	R2=dul:State_signals:1	allow to remain in a place or position or maintain a property or feature	We cannot continue several servants any longer | She retains a lawyer | The family's fortune waned and they could not keep their household staff | Our grant has run out and we cannot keep you on | We kept the work going as long as we could | She reta	oewn-02685340-v	0	1	
oewn-02707488-v	retain	retain	v	dul:Action	propagated_from_hypernym	from oewn-02706727-v[tier1_derivation]	R2	dul:State	R2:dul:State	R2=dul:State_signals:1	hold back within	This soil retains water | I retain this drug for a long time | the dam retains the water	oewn-02706727-v	0	1	
oewn-01156641-v	retire	retire|strike out	v	dul:State	propagated_from_hypernym	from oewn-02409366-v[propagated_from_hypernym]	R2	dul:Action	R2:dul:Action	R2=dul:Action_signals:1	cause to get out	The pitcher retired three batters | the runner was put out at third base	oewn-02409366-v	0	1	
oewn-01612677-v	retract	retract|pull back|draw back	v	dul:Action	propagated_from_hypernym	from oewn-01612191-v[tier1_derivation]	R2	dul:State	R2:dul:State	R2=dul:State_signals:1	use a surgical instrument to hold open (the edges of a wound or an organ)		oewn-01612191-v	0	1	
oewn-02497032-v	revel	revel|racket|make whoopee|make merry|make happy|whoop it up|jollify|wassail	v	dul:State	propagated_from_hypernym	from oewn-02496526-v[propagated_from_hypernym]	R2	dul:Action	R2:dul:Action	R2=dul:Action_signals:1	celebrate noisily, often indulging in drinking; engage in uproarious festivities	The members of the wedding party made merry all night | Let's whoop it up — the boss is gone!	oewn-02496526-v	1	1	
oewn-01782485-v	reverence	reverence|fear|revere|venerate	v	dul:Process	propagated_from_hypernym	from oewn-00695834-v[propagated_from_hypernym]	R2	dul:State	R2:dul:State	R2=dul:State_signals:1	regard with feelings of respect and reverence; consider hallowed or exalted or be in awe of	Fear God as your father | We venerate genius	oewn-00695834-v	2	1	
oewn-00120025-v	revert	revert	v	dul:State	propagated_from_hypernym	from oewn-00119681-v[propagated_from_hypernym]	R2	dul:Process	R2:dul:Process	R2=dul:Process_signals:1	undergo reversion, as in a mutation		oewn-00119681-v	0	1	
oewn-00698466-v	review	review|go over|survey	v	dul:Action	propagated_from_hypernym	from oewn-02169987-v[propagated_from_hypernym]	R2	dul:State	R2:dul:State	R2=dul:State_signals:1	hold a review (of troops)		oewn-02169987-v	0	1	
oewn-02349377-v	reward	reward|repay|pay back	v	dul:State	propagated_from_hypernym	from oewn-02372362-v[tier1_derivation]	R2	dul:Action	R2:dul:Action	R2=dul:Action_signals:1	act or give recompense in recognition of someone's behavior or actions		oewn-02372362-v	0	1	
oewn-02690467-v	ride	ride	v	dul:Action	propagated_from_hypernym	from oewn-02690747-v[tier1_derivation]	R2	dul:State	R2:dul:State	R2=dul:State_signals:1	continue undisturbed and without interference	Let it ride	oewn-02690747-v	0	1	
oewn-02697931-v	ride	ride	v	dul:Event	tier3_default_event	gloss	R2	dul:State	R2:dul:State	R2=dul:State_signals:1	lie moored or anchored	Ship rides at anchor	oewn-02696550-v	0	1	
oewn-00526526-v	ritualize	ritualize|ritualise	v	dul:Action	propagated_from_hypernym	from oewn-02484525-v[tier1_derivation]	R2	dul:Process	R2:dul:Process	R2=dul:Process_signals:1	make or evolve into a ritual	The growing up of children has become ritualized in many cultures	oewn-02484525-v	0	1	
oewn-00724637-v	rivet	rivet	v	dul:Action	propagated_from_hypernym	from oewn-00601765-v[propagated_from_hypernym]	R2	dul:State	R2:dul:State	R2=dul:State_signals:1	hold (someone's attention)	The discovery of the skull riveted the paleontologists	oewn-00601765-v	0	1	
oewn-01047931-v	roar	roar|howl	v	dul:Event	tier3_default_event	gloss	R2	dul:Action	R2:dul:Action	R2=dul:Action_signals:1	make a loud noise, as of wind, water, or vehicles	The wind was howling in the trees | The water roared down the chute	oewn-02177332-v	3	1	
oewn-01528927-v	roll	roll	v	dul:Action	propagated_from_hypernym	from oewn-01528454-v[propagated_from_hypernym]	R2	dul:Event	R2:dul:Event	R2=dul:Event_signals:1	begin operating or running	The cameras were rolling | The presses are already rolling	oewn-01528454-v	0	1	
oewn-02202528-v	roll	roll	v	dul:Event	tier3_default_event	gloss	R2	dul:Action	R2:dul:Action	R2=dul:Action_signals:1	emit, produce, or utter with a deep prolonged reverberating sound	The thunder rolled | rolling drums	oewn-02180712-v	0	1	
oewn-02693093-v	roll	roll|undulate	v	dul:State	propagated_from_hypernym	from oewn-02618403-v[propagated_from_hypernym]	R2	dul:Event	R2:dul:Event	R2=dul:Event_signals:1	occur in soft rounded shapes	The hills rolled past	oewn-02618403-v	0	1	
oewn-00012847-v	romanticize	romanticize	v	dul:State	propagated_from_hypernym	from oewn-00010428-v[propagated_from_hypernym]	R2	dul:Action	R2:dul:Action	R2=dul:Action_signals:1	act in a romantic way		oewn-00010428-v	0	1	
oewn-00416560-v	roost	roost	v	dul:Action	propagated_from_hypernym	from oewn-00416323-v[propagated_from_hypernym]	R2	dul:State	R2:dul:State	R2=dul:State_signals:1	settle down or stay, as if on a roost		oewn-00416323-v	0	1	
oewn-01098716-v	rotate	rotate	v	dul:State	propagated_from_hypernym	from oewn-01097629-v[propagated_from_hypernym]	R2	dul:Action	R2:dul:Action	R2=dul:Action_signals:1	perform a job or duty on a rotating basis	Interns have to rotate for a few months	oewn-01097629-v	0	1	
oewn-00605742-v	roughhouse	roughhouse	v	dul:State	propagated_from_hypernym	from oewn-02423786-v[propagated_from_hypernym]	R2	dul:Action	R2:dul:Action	R2=dul:Action_signals:1	engage in rough or disorderly play		oewn-02423786-v	0	1	
oewn-00172394-v	round out	round out|fill out	v	dul:Action	propagated_from_hypernym	from oewn-00171599-v[tier2_indirect]	R2	dul:Event	R2:dul:Event	R2=dul:Event_signals:1	make bigger or better or more complete		oewn-00171599-v	0	1	
oewn-01111362-v	rout	rout|rout out|expel	v	dul:State	propagated_from_hypernym	from oewn-01110559-v[propagated_from_hypernym]	R2	dul:Action	R2:dul:Action	R2=dul:Action_signals:1	cause to flee	rout out the fighters from their caves	oewn-01110559-v	0	1	
oewn-02179727-v	ruckle	ruckle	v	dul:Event	tier3_default_event	gloss	R2	dul:Action	R2:dul:Action	R2=dul:Action_signals:1	make a hoarse, rattling sound		oewn-02179501-v	0	1	
oewn-02191766-v	rumble	rumble|grumble	v	dul:Event	tier3_default_event	gloss	R2	dul:Action	R2:dul:Action	R2=dul:Action_signals:1	make a low noise	rumbling thunder	oewn-02180712-v	0	1	
oewn-02618269-v	run	run	v	dul:State	propagated_from_hypernym	from oewn-02618403-v[propagated_from_hypernym]	R2	dul:Event	R2:dul:Event	R2=dul:Event_signals:1	occur persistently	Musical talent runs in the family	oewn-02618403-v	0	1	
oewn-02654212-v	run	run|run for	v	dul:Event	tier3_default_event	gloss	R2	dul:State	R2:dul:State	R2=dul:State_signals:1	extend or continue for a certain period of time	The film runs 5 hours	oewn-02710788-v	0	1	
oewn-02690077-v	run on	run on|keep going	v	dul:Action	propagated_from_hypernym	from oewn-02690747-v[tier1_derivation]	R2	dul:State	R2:dul:State	R2=dul:State_signals:1	continue uninterrupted	The disease will run on unchecked | The party kept going until 4 A.M.	oewn-02690747-v	0	1	
oewn-02187108-v	rustle	rustle	v	dul:Event	tier3_default_event	gloss	R2	dul:Action	R2:dul:Action	R2=dul:Action_signals:1	make a dry crackling sound	rustling silk | the dry leaves were rustling in the breeze	oewn-02180712-v	0	1	
oewn-01817360-v	sadden	sadden	v	dul:Action	propagated_from_hypernym	from oewn-01775456-v[propagated_from_hypernym]	R2	dul:Event	R2:dul:Event	R2=dul:Event_signals:1	come to feel sad		oewn-01775456-v	0	1	
oewn-01989771-v	sag	sag|sag down	v	dul:State	propagated_from_hypernym	from oewn-01989937-v[propagated_from_hypernym]	R2	dul:Action	R2:dul:Action	R2=dul:Action_signals:1	cause to sag	The children sagged their bottoms down even more comfortably	oewn-01989937-v	0	1	
oewn-00102545-v	salivate	salivate	v	dul:State	propagated_from_hypernym	from oewn-00010234-v[propagated_from_hypernym]	R2	dul:Action	R2:dul:Action	R2=dul:Action_signals:1	produce saliva	We salivated when he described the great meal	oewn-00010234-v	1	1	
oewn-00222390-v	sandbag	sandbag	v	dul:State	propagated_from_hypernym	from oewn-00220887-v[propagated_from_hypernym]	R2	dul:Event	R2:dul:Event	R2=dul:Event_signals:1	protect or strengthen with sandbags; stop up	The residents sandbagged the beach front	oewn-00220887-v	0	1	
oewn-02374122-v	satisfice	satisfice|satisfise	v	dul:State	propagated_from_hypernym	from oewn-02372362-v[tier1_derivation]	R2	dul:Event	R2:dul:Event	R2=dul:Event_signals:1	decide on and pursue a course of action satisfying the minimum requirements to achieve a goal	optimization requires processes that are more complex than those needed to merely satisfice	oewn-02372362-v	0	1	
oewn-02270824-v	save	save|lay aside|save up	v	dul:Action	propagated_from_hypernym	from oewn-02309962-v[tier1_derivation]	R2	dul:Process	R2:dul:Process	R2=dul:Process_signals:1	accumulate money for future use	He saves half his salary	oewn-02309962-v	1	1	
oewn-02003114-v	scale	scale|surmount	v	dul:State	propagated_from_hypernym	from oewn-02024442-v[propagated_from_hypernym]	R2	dul:Event	R2:dul:Event	R2=dul:Event_signals:1	reach the highest point of	We scaled the Mont Blanc	oewn-02024442-v	0	1	
oewn-00796643-v	schedule	schedule	v	dul:Process	propagated_from_hypernym	from oewn-00706456-v[propagated_from_hypernym]	R2	dul:Action	R2:dul:Action	R2=dul:Action_signals:1	make a schedule; plan the time and place for events	I scheduled an exam for this afternoon	oewn-00706456-v	2	1	
oewn-02177780-v	scream	scream	v	dul:Event	tier3_default_event	gloss	R2	dul:Action	R2:dul:Action	R2=dul:Action_signals:1	make a loud, piercing sound	Fighter planes are screaming through the skies	oewn-02177332-v	0	1	
oewn-00486078-v	see through	see through	v	dul:Action	propagated_from_hypernym	from oewn-00485097-v[tier1_derivation]	R2	dul:State	R2:dul:State	R2=dul:State_signals:1	remain with until completion	I must see the job through	oewn-00485097-v	0	1	
oewn-02245263-v	seek	seek	v	dul:Action	propagated_from_hypernym	from oewn-01829179-v[propagated_from_hypernym]	R2	dul:Event	R2:dul:Event	R2=dul:Event_signals:1	try to get or reach	seek a position | seek an education | seek happiness	oewn-01829179-v	3	1	
oewn-02627934-v	separate	separate|divide	v	dul:State	propagated_from_hypernym	from oewn-02531113-v[propagated_from_hypernym]	R2	dul:Action	R2:dul:Action	R2=dul:Action_signals:1	act as a barrier between; stand between	The mountain range divides the two countries	oewn-02531113-v	0	1	
oewn-00580444-v	sequester	sequester	v	dul:State	propagated_from_hypernym	from oewn-00109468-v[propagated_from_hypernym]	R2	dul:Process	R2:dul:Process	R2=dul:Process_signals:1	undergo sequestration by forming a stable compound with an ion	The cations were sequestered	oewn-00109468-v	0	1	
oewn-01632091-v	set	set	v	dul:Action	propagated_from_hypernym	from oewn-01631641-v[tier1_derivation]	R2	dul:Event	R2:dul:Event	R2=dul:Event_signals:1	apply or start	set fire to a building	oewn-01631641-v	0	1	
oewn-02444146-v	set about	set about|go about|approach	v	dul:State	propagated_from_hypernym	from oewn-02372362-v[tier1_derivation]	R2	dul:Event	R2:dul:Event	R2=dul:Event_signals:1	begin to deal with	approach a task | go about a difficult problem | approach a new project	oewn-02372362-v	1	1	
oewn-01665366-v	set up	set up	v	dul:Action	propagated_from_hypernym	from oewn-01654986-v[tier1_derivation]	R2	dul:Event	R2:dul:Event	R2=dul:Event_signals:2	begin, or enable someone else to begin, a venture by providing the means, logistics, etc.	set up an election	oewn-01654986-v	0	1	
oewn-00540418-v	settle	settle	v	dul:Action	propagated_from_hypernym	from oewn-00171865-v[tier1_derivation]	R2	dul:Process	R2:dul:Process	R2=dul:Process_signals:1	establish or develop as a residence	He settled the farm 200 years ago | This land was settled by Germans	oewn-00171865-v	0	1	
oewn-00766077-v	settle	settle	v	dul:State	propagated_from_hypernym	from oewn-00807038-v[propagated_from_hypernym]	R2	dul:Event	R2:dul:Event	R2=dul:Event_signals:1	end a legal dispute by arriving at a settlement	The two parties finally settled	oewn-00807038-v	0	1	
oewn-00799753-v	settle	settle	v	dul:Action	propagated_from_hypernym	from oewn-00799359-v[tier1_derivation]	R2	dul:Event	R2:dul:Event	R2=dul:Event_signals:1	accept despite lack of complete satisfaction	We settled for a lower price	oewn-00799359-v	0	1	
oewn-02259066-v	settle	settle	v	dul:State	propagated_from_hypernym	from oewn-01023638-v[propagated_from_hypernym]	R2	dul:Action	R2:dul:Action	R2=dul:Action_signals:1	dispose of; make a financial settlement		oewn-01023638-v	6	1	
oewn-02127640-v	shoot	shoot	v	dul:Event	tier3_default_event	gloss	R2	dul:Action	R2:dul:Action	R2=dul:Action_signals:1	cause a sharp and sudden pain in	The pain shot up her leg	oewn-02126629-v	0	1	
oewn-01088960-v	show	show	v	dul:Action	propagated_from_hypernym	from oewn-01088514-v[tier1_derivation]	R2	dul:Event	R2:dul:Event	R2=dul:Event_signals:1	finish third or better in a horse or dog race	he bet $2 on number six to show	oewn-01088514-v	0	1	
oewn-00813811-v	shun	shun|eschew	v	dul:Action	propagated_from_hypernym	from oewn-00813037-v[propagated_from_hypernym]	R2	dul:State	R2:dul:State	R2=dul:State_signals:2	avoid and stay away from deliberately; stay clear of		oewn-00813037-v	1	1	
oewn-01914673-v	shy	shy	v	dul:State	propagated_from_hypernym	from oewn-01914366-v[propagated_from_hypernym]	R2	dul:Event	R2:dul:Event	R2=dul:Event_signals:1	start suddenly, as from fright		oewn-01914366-v	0	1	
oewn-00325032-v	simmer	simmer	v	dul:State	propagated_from_hypernym	from oewn-00328938-v[propagated_from_hypernym]	R2	dul:Process	R2:dul:Process	R2=dul:Process_signals:1	boil slowly at low temperature	simmer the sauce | simmering water	oewn-00328938-v	0	1	
oewn-00672097-v	sit out	sit out	v	dul:Action	propagated_from_hypernym	from oewn-00670017-v[tier1_derivation]	R2	dul:Event	R2:dul:Event	R2=dul:Event_signals:1	endure to the end		oewn-00670017-v	0	1	
oewn-00864255-v	sizzle	sizzle	v	dul:Event	tier3_default_event	gloss	R2	dul:Action	R2:dul:Action	R2=dul:Action_signals:1	make a sound like frying fat		oewn-02177332-v	0	1	
oewn-02182290-v	skirl	skirl	v	dul:Event	tier3_default_event	gloss	R2	dul:Action	R2:dul:Action	R2=dul:Action_signals:1	make a shrill, wailing sound	skirling bagpipes	oewn-02180712-v	0	1	
oewn-01972052-v	sky dive	sky dive|skydive	v	dul:Event	propagated_from_hypernym	from oewn-01972282-v[propagated_from_hypernym]	R2	dul:Action	R2:dul:Action	R2=dul:Action_signals:1	jump from an airplane and perform various maneuvers before opening one's parachute		oewn-01972282-v	0	1	
oewn-00215050-v	slack	slack|slake	v	dul:Process	propagated_from_hypernym	from oewn-00214446-v[tier1_derivation]	R2	dul:Action	R2:dul:Action	R2=dul:Action_signals:1	cause to heat and crumble by treatment with water	slack lime	oewn-00214446-v	1	1	
oewn-02698400-v	slant	slant	v	dul:Event	tier3_default_event	gloss	R2	dul:State	R2:dul:State	R2=dul:State_signals:1	lie obliquely	A scar slanted across his face	oewn-02696550-v	0	1	
oewn-02658824-v	sleep over	sleep over|stay over	v	dul:Action	propagated_from_hypernym	from oewn-02658589-v[tier1_derivation]	R2	dul:State	R2:dul:State	R2=dul:State_signals:1	stay overnight	The boy's friends were allowed to sleep over after the birthday party	oewn-02658589-v	0	1	
oewn-01604468-v	sling	sling	v	dul:Action	propagated_from_hypernym	from oewn-01604155-v[tier1_derivation]	R2	dul:State	R2:dul:State	R2=dul:State_signals:1	hold or carry in a sling	he cannot button his shirt with his slinged arm	oewn-01604155-v	0	1	
oewn-00378240-v	smolder	smolder|smoulder	v	dul:State	propagated_from_hypernym	from oewn-00377673-v[propagated_from_hypernym]	R2	dul:Process	R2:dul:Process	R2=dul:Process_signals:1	burn slowly and without a flame	a smoldering fire	oewn-00377673-v	0	1	
oewn-01428360-v	smooch	smooch|spoon	v	dul:Event	propagated_from_hypernym	from oewn-01428804-v[propagated_from_hypernym]	R2	dul:State	R2:dul:State	R2=dul:State_signals:1	snuggle and lie in a position where one person faces the back of the others		oewn-01428804-v	0	1	
oewn-00918473-v	snarl	snarl	v	dul:Event	tier3_default_event	gloss	R2	dul:Action	R2:dul:Action	R2=dul:Action_signals:1	make a snarling noise or move with a snarling noise	Bullets snarled past us	oewn-02180712-v	0	1	
oewn-00158192-v	snowball	snowball	v	dul:Action	propagated_from_hypernym	from oewn-00156409-v[tier1_derivation]	R2	dul:Process	R2:dul:Process	R2=dul:Process_signals:1	increase or accumulate at a rapidly accelerating rate		oewn-00156409-v	0	1	
oewn-02585332-v	solemnize	solemnize|solemnise	v	dul:State	propagated_from_hypernym	from oewn-02584595-v[propagated_from_hypernym]	R2	dul:Action	R2:dul:Action	R2=dul:Action_signals:1	observe or perform with dignity or gravity	The King solemnized this day of mourning	oewn-02584595-v	0	1	
oewn-00447469-v	solvate	solvate	v	dul:State	propagated_from_hypernym	from oewn-00145958-v[propagated_from_hypernym]	R2	dul:Process	R2:dul:Process	R2=dul:Process_signals:1	undergo solvation or convert into a solvate		oewn-00145958-v	0	1	
oewn-00383946-v	sorcerize	sorcerize|sorcerise	v	dul:Action	propagated_from_hypernym	from oewn-00383306-v[tier1_derivation]	R2	dul:Process	R2:dul:Process	R2=dul:Process_signals:1	transform or change by means of sorcery		oewn-00383306-v	0	1	
oewn-01048687-v	sough	sough|purl	v	dul:Event	tier3_default_event	gloss	R2	dul:Action	R2:dul:Action	R2=dul:Action_signals:1	make a murmuring sound	the water was purling	oewn-02177332-v	0	1	
oewn-01654652-v	sound off	sound off|strike up	v	dul:Action	propagated_from_hypernym	from oewn-01728928-v[tier1_derivation]	R2	dul:Event	R2:dul:Event	R2=dul:Event_signals:1	start playing	The musicians struck up a tune	oewn-01728928-v	0	1	
oewn-90009941-v	spaz	spaz	v	dul:State	propagated_from_hypernym	from oewn-00010428-v[propagated_from_hypernym]	R2	dul:Action	R2:dul:Action	R2=dul:Action_signals:1	to act insanely		oewn-00010428-v	0	1	
oewn-00119074-v	speciate	speciate|differentiate|specialize|specialise	v	dul:Action	propagated_from_hypernym	from oewn-00251950-v[propagated_from_hypernym]	R2	dul:Process	R2:dul:Process	R2=dul:Process_signals:2	evolve so as to lead to a new species or develop in a way most suited to the environment		oewn-00251950-v	0	1	
oewn-02191314-v	splash	splash|splosh|slosh|slush	v	dul:Event	tier3_default_event	gloss	R2	dul:Action	R2:dul:Action	R2=dul:Action_signals:1	make a splashing sound	water was splashing on the floor	oewn-02180712-v	0	1	
oewn-01546208-v	sprawl	sprawl	v	dul:Action	propagated_from_hypernym	from oewn-01545905-v[tier1_derivation]	R2	dul:State	R2:dul:State	R2=dul:State_signals:1	sit or lie with one's limbs spread out		oewn-01545905-v,oewn-01549783-v	1	1	
oewn-00095025-v	spring	spring	v	dul:Action	propagated_from_hypernym	from oewn-00094214-v[tier1_derivation]	R2	dul:Process	R2:dul:Process	R2=dul:Process_signals:1	develop suddenly	The tire sprang a leak	oewn-00094214-v	0	1	
oewn-02190806-v	sputter	sputter	v	dul:Event	tier3_default_event	gloss	R2	dul:Action	R2:dul:Action	R2=dul:Action_signals:1	make an explosive sound	sputtering engines	oewn-02190434-v	0	1	
oewn-02665734-v	square	square	v	dul:Process	propagated_from_hypernym	from oewn-00150107-v[tier1_derivation]	R2	dul:Action	R2:dul:Action	R2=dul:Action_signals:1	cause to match, as of ideas or acts		oewn-00150107-v	0	1	
oewn-02183723-v	squelch	squelch	v	dul:Event	tier3_default_event	gloss	R2	dul:Action	R2:dul:Action	R2=dul:Action_signals:1	make a sucking sound		oewn-02180712-v	0	1	
oewn-02730942-v	stagnate	stagnate	v	dul:State	propagated_from_hypernym	from oewn-00109468-v[propagated_from_hypernym]	R2	dul:Action	R2:dul:Action	R2=dul:Action_signals:1	cause to stagnate	There are marshes that stagnate the waters	oewn-00109468-v	0	1	
oewn-00570164-v	stalinize	stalinize|stalinise	v	dul:Action	propagated_from_hypernym	from oewn-00383306-v[tier1_derivation]	R2	dul:Process	R2:dul:Process	R2=dul:Process_signals:1	transform in accordance with Stalin's policies	Russia was slowly stalinized after Lenin's death	oewn-00383306-v	0	1	
oewn-01866626-v	stall	stall	v	dul:Event	propagated_from_hypernym	from oewn-01863207-v[tier1_derivation]	R2	dul:Action	R2:dul:Action	R2=dul:Action_signals:1	cause an airplane to go into a stall		oewn-01863207-v	0	1	
oewn-00355692-v	stamp out	stamp out|kill	v	dul:Action	propagated_from_hypernym	from oewn-00353480-v[tier1_derivation]	R2	dul:Event	R2:dul:Event	R2=dul:Event_signals:1	end or extinguish by forceful means	Stamp out poverty!	oewn-00353480-v	0	1	
oewn-02600446-v	stampede	stampede	v	dul:State	propagated_from_hypernym	from oewn-02372362-v[tier1_derivation]	R2	dul:Action	R2:dul:Action	R2=dul:Action_signals:1	act, usually en masse, hurriedly or on an impulse	Companies will now stampede to release their latest software	oewn-02372362-v	0	1	
oewn-02707980-v	stand	stand|remain firm	v	dul:Action	propagated_from_hypernym	from oewn-01119003-v[tier2_indirect]	R2	dul:State	R2:dul:State	R2=dul:State_signals:1	hold one's ground; maintain a position; be steadfast or upright	I am standing my ground and won't give in!	oewn-01119003-v	0	1	
oewn-02712985-v	stand	stand	v	dul:Event	tier3_default_event	gloss	R2	dul:State	R2:dul:State	R2=dul:State_signals:1	remain inactive or immobile	standing water	oewn-00117793-v	0	1	
oewn-02661794-v	stand back	stand back|keep one's eyes off|keep one's distance|keep one's hands off|stay away	v	dul:Event	tier3_default_event	gloss	R2	dul:State	R2:dul:State	R2=dul:State_signals:1	stay clear of, avoid	Keep your hands off my wife! | Keep your distance from this man — he is dangerous	oewn-02661230-v	0	1	
oewn-02732260-v	stand by	stand by	v	dul:State	propagated_from_hypernym	from oewn-02731589-v[tier2_indirect]	R2	dul:Action	R2:dul:Action	R2=dul:Action_signals:1	not act or do anything	He just stood by when the police beat up the demonstrators	oewn-02731589-v	0	1	
oewn-01119504-v	stand up	stand up	v	dul:Action	propagated_from_hypernym	from oewn-01119003-v[tier2_indirect]	R2	dul:State	R2:dul:State	R2=dul:State_signals:1	refuse to back down; remain solid under criticism or attack		oewn-01119003-v	0	1	
oewn-00117793-v	stay	stay|remain|rest	v	dul:Event	tier3_default_event	gloss	R2	dul:State	R2:dul:State	R2=dul:State_signals:2	stay the same; remain in a certain state	The dress remained wet after repeated attempts to dry it | rest assured | stay alone | He remained unmoved by her tears | The bad weather continued for another week	oewn-02661230-v	7	1	
oewn-02565847-v	stay	stay	v	dul:Action	propagated_from_hypernym	from oewn-02565578-v[tier1_derivation]	R2	dul:Event	R2:dul:Event	R2=dul:Event_signals:1	stop a judicial process	The judge stayed the execution order	oewn-02565578-v	0	1	
oewn-02733337-v	stay	stay|stay on|continue|remain	v	dul:Event	tier3_default_event	gloss	R2	dul:State	R2:dul:State	R2=dul:State_signals:1	continue in a place, position, or situation	After graduation, she stayed on in Cambridge as a student adviser | Stay with me, please | despite student protests, he remained Dean for another year | She continued as deputy mayor for another year	oewn-02609706-v	3	1	
oewn-00324657-v	stew	stew	v	dul:Action	propagated_from_hypernym	from oewn-00323648-v[tier1_derivation]	R2	dul:Process	R2:dul:Process	R2=dul:Process_signals:1	cook slowly and for a long time in liquid	Stew the vegetables in wine	oewn-00323648-v	1	1	
oewn-01617139-v	stick	stick	v	dul:Action	propagated_from_hypernym	from oewn-01346574-v[propagated_from_hypernym]	R2	dul:Event	R2:dul:Event	R2=dul:Event_signals:1	fasten into place by fixing an end or point into something	stick the corner of the sheet under the mattress	oewn-01346574-v	0	1	
oewn-02130487-v	stink up	stink up|smell up|stink out	v	dul:Event	tier3_default_event	gloss	R2	dul:Action	R2:dul:Action	R2=dul:Action_signals:1	cause to smell bad; fill with a bad smell		oewn-02130106-v	0	1	
oewn-01699668-v	stipple	stipple	v	dul:State	propagated_from_hypernym	from oewn-01688794-v[propagated_from_hypernym]	R2	dul:Action	R2:dul:Action	R2=dul:Action_signals:1	make by small short touches that together produce an even or softly graded shadow, as in paint or ink		oewn-01688794-v	0	1	
oewn-01539564-v	stonewash	stonewash|stone-wash	v	dul:Action	propagated_from_hypernym	from oewn-01538034-v[propagated_from_hypernym]	R2	dul:Event	R2:dul:Event	R2=dul:Event_signals:1	wash with stones to achieve a worn appearance	stonewash blue jeans	oewn-01538034-v	0	1	
oewn-00013851-v	stooge	stooge	v	dul:State	propagated_from_hypernym	from oewn-00010428-v[propagated_from_hypernym]	R2	dul:Action	R2:dul:Action	R2=dul:Action_signals:1	act as a stooge, in a compliant or subordinate manner	He stooged for the flamboyant Senator	oewn-00010428-v	0	1	
oewn-01391307-v	strangulate	strangulate	v	dul:Action	propagated_from_hypernym	from oewn-01390440-v[tier1_derivation]	R2	dul:Event	R2:dul:Event	R2=dul:Event_signals:1	constrict a hollow organ or vessel so as to stop the flow of blood or air		oewn-01390440-v	0	1	
oewn-02518714-v	stratify	stratify	v	dul:State	propagated_from_hypernym	from oewn-00109468-v[propagated_from_hypernym]	R2	dul:Process	R2:dul:Process	R2=dul:Process_signals:1	develop different social levels, classes, or castes	Society stratifies when the income gap widens	oewn-00109468-v	0	1	
oewn-01989285-v	stretch	stretch|stretch out	v	dul:Action	propagated_from_hypernym	from oewn-01989043-v[tier2_indirect]	R2	dul:State	R2:dul:State	R2=dul:State_signals:1	lie down comfortably	To enjoy the picnic, we stretched out on the grass	oewn-01989043-v	0	1	
oewn-02176740-v	stridulate	stridulate|clitter	v	dul:Event	tier3_default_event	gloss	R2	dul:Action	R2:dul:Action	R2=dul:Action_signals:1	make a shrill creaking noise by rubbing together special bodily structures	male insects such as crickets or grasshoppers stridulate	oewn-02177332-v	0	1	
oewn-01212046-v	strike	strike|hit	v	dul:Event	propagated_from_hypernym	from oewn-01208838-v[tier1_derivation]	R2	dul:Action	R2:dul:Action	R2=dul:Action_signals:1	produce by manipulating keys or strings of musical instruments	The pianist strikes a middle C | strike ‘z’ on the keyboard	oewn-01208838-v	0	1	
oewn-02417777-v	strike	strike|walk out	v	dul:Action	propagated_from_hypernym	from oewn-02527076-v[tier1_derivation]	R2	dul:Event	R2:dul:Event	R2=dul:Event_signals:1	stop work in order to press demands	The auto workers are striking for higher wages | The employees walked out when their demand for better benefits was not met	oewn-02527076-v	0	1	
oewn-01940220-v	strike out	strike out	v	dul:State	propagated_from_hypernym	from oewn-01835473-v[propagated_from_hypernym]	R2	dul:Action	R2:dul:Action	R2=dul:Action_signals:1	make a motion as with one's fist or foot towards an object or away from one's body		oewn-01835473-v	1	1	
oewn-01645853-v	strike up	strike up	v	dul:Action	propagated_from_hypernym	from oewn-01645456-v[tier1_derivation]	R2	dul:Event	R2:dul:Event	R2=dul:Event_signals:1	begin	strike up a conversation | strike up a friendship	oewn-01645456-v	0	1	
oewn-00619747-v	stumble	stumble|slip up|trip up	v	dul:State	propagated_from_hypernym	from oewn-00619438-v[propagated_from_hypernym]	R2	dul:Action	R2:dul:Action	R2=dul:Action_signals:1	make an error	She slipped up and revealed the name	oewn-00619438-v	0	1	
oewn-02466306-v	subcontract	subcontract	v	dul:State	propagated_from_hypernym	from oewn-02415985-v[propagated_from_hypernym]	R2	dul:Action	R2:dul:Action	R2=dul:Action_signals:1	work under a subcontract; engage in a subcontract		oewn-02415985-v	0	1	
oewn-00366673-v	sublime	sublime|sublimate	v	dul:Process	propagated_from_hypernym	from oewn-00443222-v[tier1_derivation]	R2	dul:Action	R2:dul:Action	R2=dul:Action_signals:1	change or cause to change directly from a solid into a vapor without first melting	sublime iodine | some salts sublime when heated	oewn-00443222-v	0	1	
oewn-02529837-v	succeed	succeed|win|come through|bring home the bacon|deliver the goods	v	dul:State	propagated_from_hypernym	from oewn-02372362-v[tier1_derivation]	R2	dul:Event	R2:dul:Event	R2=dul:Event_signals:2	attain success or reach a desired goal	The enterprise succeeded | We succeeded in getting tickets to the show | she struggled to overcome her handicap and won	oewn-02372362-v	13	1	
oewn-00065410-v	suffer	suffer|sustain|have|get	v	dul:State	propagated_from_hypernym	from oewn-02112480-v[propagated_from_hypernym]	R2	dul:Process	R2:dul:Process	R2=dul:Process_signals:1	undergo (as of injuries and illnesses)	She suffered a fracture in the accident | He had an insulin shock after eating three candy bars | She got a bruise on her leg | He got his arm broken in the scuffle	oewn-02112480-v	4	1	
oewn-02113644-v	suffer	suffer|endure	v	dul:State	propagated_from_hypernym	from oewn-02114674-v[propagated_from_hypernym]	R2	dul:Process	R2:dul:Process	R2=dul:Process_signals:1	undergo or be subjected to	He suffered the penalty | Many saints suffered martyrdom	oewn-02114674-v	3	1	
oewn-02114536-v	suffer	suffer|meet	v	dul:State	propagated_from_hypernym	from oewn-02114674-v[propagated_from_hypernym]	R2	dul:Process	R2:dul:Process	R2=dul:Process_signals:1	undergo or suffer	meet a violent death | suffer a terrible fate	oewn-02114674-v	0	1	
oewn-02025001-v	summit	summit|breast	v	dul:State	propagated_from_hypernym	from oewn-02024442-v[propagated_from_hypernym]	R2	dul:Event	R2:dul:Event	R2=dul:Event_signals:1	reach the summit (of a mountain)	They breasted the mountain | Many mountaineers go up Mt. Everest but not all summit	oewn-02024442-v	0	1	
oewn-01994295-v	surface	surface|come up|rise up|rise	v	dul:Action	propagated_from_hypernym	from oewn-01973223-v[tier1_derivation]	R2	dul:Event	R2:dul:Event	R2=dul:Event_signals:1	come to the surface		oewn-01973223-v	4	1	
oewn-01108050-v	surpass	surpass|outstrip|outmatch|outgo|exceed|outdo|surmount|outperform	v	dul:State	propagated_from_hypernym	from oewn-01110559-v[propagated_from_hypernym]	R2	dul:Action	R2:dul:Action	R2=dul:Action_signals:1	be or do something to a greater degree	her performance surpasses that of any other student I know | She outdoes all other athletes | This exceeds all my expectations | This car outperforms all others in its class	oewn-01110559-v	21	1	
oewn-00649582-v	survey	survey	v	dul:Process	propagated_from_hypernym	from oewn-00646245-v[propagated_from_hypernym]	R2	dul:Action	R2:dul:Action	R2=dul:Action_signals:1	make a survey of; for statistical purposes		oewn-00646245-v	1	1	
oewn-02624202-v	survive	survive|last|live|live on|go|endure|hold up|hold out	v	dul:Action	propagated_from_hypernym	from oewn-02690747-v[tier1_derivation]	R2	dul:State	R2:dul:State	R2=dul:State_signals:1	continue to live and avoid dying	We went without water and food for 3 days | These superstitions survive in the backwaters of America | The race car driver lived through several very serious accidents | how long can a person last without food and water? | one crash victim died, the 	oewn-02690747-v	3	1	
oewn-00543748-v	suspend	suspend|set aside	v	dul:Action	propagated_from_hypernym	from oewn-00126072-v[tier1_derivation]	R2	dul:Event	R2:dul:Event	R2=dul:Event_signals:1	make inoperative or stop	suspend payments on the loan	oewn-00126072-v	0	1	
oewn-00012427-v	swagger	swagger|bluster|swash	v	dul:State	propagated_from_hypernym	from oewn-00010428-v[propagated_from_hypernym]	R2	dul:Action	R2:dul:Action	R2=dul:Action_signals:1	act in an arrogant, overly self-assured, or conceited manner		oewn-00010428-v	0	1	
oewn-01596684-v	swing	swing|sweep|swing out	v	dul:Event	propagated_from_hypernym	from oewn-01226979-v[propagated_from_hypernym]	R2	dul:Action	R2:dul:Action	R2=dul:Action_signals:1	make a big sweeping gesture or movement		oewn-01226979-v	0	1	
oewn-00737871-v	synchronize	synchronize|synchronise|contemporize|contemporise	v	dul:Action	propagated_from_hypernym	from oewn-00737576-v[propagated_from_hypernym]	R2	dul:Event	R2:dul:Event	R2=dul:Event_signals:1	arrange or represent events so that they co-occur	synchronize biblical events	oewn-00737576-v	0	1	
oewn-02605633-v	take	take	v	dul:State	propagated_from_hypernym	from oewn-02372362-v[tier1_derivation]	R2	dul:Action	R2:dul:Action	R2=dul:Action_signals:1	carry out	take action | take steps | take vengeance	oewn-02372362-v	0	1	
oewn-00952238-v	take a dare	take a dare|pick up the gauntlet	v	dul:State	propagated_from_hypernym	from oewn-02535833-v[propagated_from_hypernym]	R2	dul:Action	R2:dul:Action	R2=dul:Action_signals:1	be dared to do something and attempt it		oewn-02535833-v	0	1	
oewn-00612324-v	take back	take back	v	dul:State	propagated_from_hypernym	from oewn-00612092-v[propagated_from_hypernym]	R2	dul:Action	R2:dul:Action	R2=dul:Action_signals:1	cause someone to remember the past	This photo takes me back to the good old days	oewn-00612092-v	0	1	
oewn-00671446-v	take it on the chin	take it on the chin	v	dul:State	propagated_from_hypernym	from oewn-02534046-v[propagated_from_hypernym]	R2	dul:Process	R2:dul:Process	R2=dul:Process_signals:1	undergo failure or defeat		oewn-02534046-v	0	1	
oewn-02417080-v	take off	take off|take time off	v	dul:Action	propagated_from_hypernym	from oewn-00780320-v[propagated_from_hypernym]	R2	dul:Event	R2:dul:Event	R2=dul:Event_signals:1	take time off from work; stop working temporarily		oewn-00780320-v	0	1	
oewn-02536754-v	take pains	take pains|be at pains	v	dul:State	propagated_from_hypernym	from oewn-02536865-v[propagated_from_hypernym]	R2	dul:Action	R2:dul:Action	R2=dul:Action_signals:1	try very hard to do something		oewn-02536865-v	0	1	
oewn-02407413-v	take time by the forelock	take time by the forelock	v	dul:State	propagated_from_hypernym	from oewn-02372362-v[tier1_derivation]	R2	dul:Action	R2:dul:Action	R2=dul:Action_signals:1	act quickly and decisively; not let slip an opportunity		oewn-02372362-v	0	1	
oewn-02606776-v	take to	take to|take	v	dul:State	propagated_from_hypernym	from oewn-00546637-v[propagated_from_hypernym]	R2	dul:Process	R2:dul:Process	R2=dul:Process_signals:1	develop a habit; apply oneself to a practice or occupation	She took to drink | Men take to the military trades | He took to visiting bars	oewn-00546637-v	0	1	
oewn-01713907-v	tap dance	tap dance	v	dul:State	propagated_from_hypernym	from oewn-01712535-v[propagated_from_hypernym]	R2	dul:Action	R2:dul:Action	R2=dul:Action_signals:1	perform a tap dance		oewn-01712535-v	0	1	
oewn-02689494-v	taper off	taper off|peter out|fizzle out|fizzle	v	dul:Action	propagated_from_hypernym	from oewn-02689663-v[tier2_indirect]	R2	dul:Event	R2:dul:Event	R2=dul:Event_signals:1	end weakly	The music just petered out — there was no proper ending	oewn-02689663-v	0	1	
oewn-01952731-v	taxi	taxi	v	dul:Action	propagated_from_hypernym	from oewn-01839438-v[tier1_derivation]	R2	dul:Process	R2:dul:Process	R2=dul:Process_signals:1	travel slowly	The plane taxied down the runway	oewn-01839438-v	0	1	
oewn-00274533-v	teach	teach	v	dul:Action	propagated_from_hypernym	from oewn-00274244-v[propagated_from_hypernym]	R2	dul:Process	R2:dul:Process	R2=dul:Process_signals:1	accustom gradually to some action or attitude	The child is taught to obey her parents	oewn-00274244-v	0	1	
oewn-01066173-v	thrash out	thrash out|hammer out	v	dul:Action	propagated_from_hypernym	from oewn-00815640-v[propagated_from_hypernym]	R2	dul:Event	R2:dul:Event	R2=dul:Event_signals:1	discuss vehemently in order to reach a solution or an agreement	The leaders of the various Middle Eastern countries are trying to hammer out a peace agreement	oewn-00815640-v	0	1	
oewn-02121816-v	thrill	thrill	v	dul:State	propagated_from_hypernym	from oewn-02120601-v[tier1_derivation]	R2	dul:Action	R2:dul:Action	R2=dul:Action_signals:1	cause to be thrilled by some perceptual input	The men were thrilled by a loud whistle blow	oewn-02120601-v	0	1	
oewn-02189056-v	thud	thud|thump	v	dul:Event	tier3_default_event	gloss	R2	dul:Action	R2:dul:Action	R2=dul:Action_signals:1	make a dull sound	the knocker thudded against the front door	oewn-02180712-v	0	1	
oewn-01048459-v	thunder	thunder	v	dul:Event	tier3_default_event	gloss	R2	dul:Action	R2:dul:Action	R2=dul:Action_signals:1	to make or produce a loud noise	The river thundered below | The engine roared as the driver pushed the car to full throttle	oewn-01047931-v	0	1	
oewn-02180022-v	tick	tick|ticktock|ticktack|beat	v	dul:Event	tier3_default_event	gloss	R2	dul:Action	R2:dul:Action	R2=dul:Action_signals:1	make a sound like a clock or a timer	the clocks were ticking | the grandfather clock beat midnight	oewn-02180712-v	0	1	
oewn-01117608-v	tie	tie|draw	v	dul:Action	propagated_from_hypernym	from oewn-00417926-v[tier1_derivation]	R2	dul:Event	R2:dul:Event	R2=dul:Event_signals:1	finish a game with an equal number of points, goals, etc.	The teams drew a tie	oewn-00417926-v	0	1	
oewn-01288641-v	tie up	tie up|bind off	v	dul:Action	propagated_from_hypernym	from oewn-01288043-v[tier1_derivation]	R2	dul:Event	R2:dul:Event	R2=dul:Event_signals:1	finish the last row		oewn-01288043-v	0	1	
oewn-02140484-v	ting	ting	v	dul:Event	tier3_default_event	gloss	R2	dul:Action	R2:dul:Action	R2=dul:Action_signals:1	make a light, metallic sound; go ‘ting’		oewn-02180712-v	0	1	
oewn-02127448-v	tingle	tingle|prickle	v	dul:Event	tier3_default_event	gloss	R2	dul:Action	R2:dul:Action	R2=dul:Action_signals:1	cause a stinging or tingling sensation		oewn-02125653-v	0	1	
oewn-02186419-v	toll	toll	v	dul:Action	propagated_from_hypernym	from oewn-02185984-v[propagated_from_hypernym]	R2	dul:Process	R2:dul:Process	R2=dul:Process_signals:1	ring slowly	For whom the bell tolls	oewn-02185984-v	0	1	
oewn-00485643-v	top	top|top off	v	dul:Action	propagated_from_hypernym	from oewn-00485097-v[tier1_derivation]	R2	dul:Event	R2:dul:Event	R2=dul:Event_signals:1	finish up or conclude	They topped off their dinner with a cognac | top the evening with champagne	oewn-00485097-v	0	1	
oewn-02025228-v	top	top	v	dul:State	propagated_from_hypernym	from oewn-02024442-v[propagated_from_hypernym]	R2	dul:Event	R2:dul:Event	R2=dul:Event_signals:1	reach or ascend the top of	The hikers topped the mountain just before noon	oewn-02024442-v	0	1	
oewn-02365496-v	top	top|top out	v	dul:Action	propagated_from_hypernym	from oewn-02332196-v[tier1_derivation]	R2	dul:Event	R2:dul:Event	R2=dul:Event_signals:1	provide with a top or finish the top (of a structure)	the towers were topped with conical roofs	oewn-02332196-v	0	1	
oewn-02012080-v	top out	top out|peak	v	dul:State	propagated_from_hypernym	from oewn-02024442-v[propagated_from_hypernym]	R2	dul:Event	R2:dul:Event	R2=dul:Event_signals:2	to reach the highest point; attain maximum intensity, activity	That wild, speculative spirit peaked in 1929 | Bids for the painting topped out at $50 million	oewn-02024442-v	1	1	
oewn-02265169-v	trade	trade|merchandise	v	dul:State	propagated_from_hypernym	from oewn-02372362-v[tier1_derivation]	R2	dul:Action	R2:dul:Action	R2=dul:Action_signals:1	engage in the trade of	he is merchandising telephone sets	oewn-02372362-v	7	1	
oewn-02063844-v	trail	trail|shack	v	dul:Action	propagated_from_hypernym	from oewn-01839438-v[tier1_derivation]	R2	dul:Process	R2:dul:Process	R2=dul:Process_signals:1	move, proceed, or walk draggingly or slowly	John trailed behind his class mates | The Mercedes trailed behind the horse cart	oewn-01839438-v	0	1	
oewn-00604200-v	train	train|prepare	v	dul:State	propagated_from_hypernym	from oewn-00601387-v[propagated_from_hypernym]	R2	dul:Process	R2:dul:Process	R2=dul:Process_signals:1	undergo training or instruction in preparation for a particular role, function, or profession	She is training to be a teacher | He trained as a legal aid	oewn-00601387-v	3	1	
oewn-00343834-v	transpire	transpire	v	dul:State	propagated_from_hypernym	from oewn-00109468-v[propagated_from_hypernym]	R2	dul:Event	R2:dul:Event	R2=dul:Event_signals:1	come to light; become known	It transpired that she had worked as spy in East Germany	oewn-00109468-v	0	1	
oewn-01609852-v	trap	trap	v	dul:Action	propagated_from_hypernym	from oewn-01219234-v[tier1_derivation]	R2	dul:State	R2:dul:State	R2=dul:State_signals:1	hold or catch as if in a trap	The gaps between the teeth trap food particles	oewn-01219234-v	0	1	
oewn-01845021-v	travel	travel	v	dul:Action	propagated_from_hypernym	from oewn-01839438-v[tier1_derivation]	R2	dul:Process	R2:dul:Process	R2=dul:Process_signals:1	undergo transportation as in a vehicle	We travelled North on Rte. 508	oewn-01839438-v	3	1	
oewn-02074802-v	trickle	trickle|dribble|filter	v	dul:Action	propagated_from_hypernym	from oewn-02070867-v[tier1_derivation]	R2	dul:Process	R2:dul:Process	R2=dul:Process_signals:1	run or flow slowly, as in drops or in an unsteady stream	water trickled onto the lawn from the broken hose | reports began to dribble in	oewn-02070867-v	1	1	
oewn-02513113-v	trouble oneself	trouble oneself|trouble|bother|inconvenience oneself	v	dul:State	propagated_from_hypernym	from oewn-01148517-v[propagated_from_hypernym]	R2	dul:Action	R2:dul:Action	R2=dul:Action_signals:1	take the trouble to do something; concern oneself	He did not trouble to call his mother on her birthday | Don't bother, please	oewn-01148517-v	0	1	
oewn-02183598-v	trump	trump	v	dul:Event	tier3_default_event	gloss	R2	dul:Action	R2:dul:Action	R2=dul:Action_signals:1	produce a sound as if from a trumpet		oewn-02180712-v	0	1	
oewn-02535833-v	try	try|seek|attempt|essay|assay	v	dul:State	propagated_from_hypernym	from oewn-02372362-v[tier1_derivation]	R2	dul:Action	R2:dul:Action	R2=dul:Action_signals:1	make an effort or attempt	He tried to shake off his fears | The infant had essayed a few wobbly steps | The police attempted to stop the thief | He sought to improve himself | She always seeks to do good in the world	oewn-02372362-v	9	1	
oewn-00125649-v	turn	turn|grow	v	dul:State	propagated_from_hypernym	from oewn-00109468-v[propagated_from_hypernym]	R2	dul:Process	R2:dul:Process	R2=dul:Process_signals:1	pass into a condition gradually, take on a specific property or attribute; become	The weather turned nasty | She grew angry	oewn-00109468-v	2	1	
oewn-02568340-v	turn	turn	v	dul:Action	propagated_from_hypernym	from oewn-02567910-v[propagated_from_hypernym]	R2	dul:Event	R2:dul:Event	R2=dul:Event_signals:1	accomplish by rotating	turn a somersault | turn cartwheels	oewn-02567910-v	0	1	
oewn-02616880-v	turn out	turn out|come out	v	dul:Action	propagated_from_hypernym	from oewn-02615799-v[tier1_derivation]	R2	dul:Event	R2:dul:Event	R2=dul:Event_signals:1	result or end	How will the game turn out?	oewn-02615799-v	2	1	
oewn-02598823-v	tutor	tutor	v	dul:State	propagated_from_hypernym	from oewn-02463535-v[propagated_from_hypernym]	R2	dul:Action	R2:dul:Action	R2=dul:Action_signals:1	act as a guardian to someone		oewn-02730292-v,oewn-02463535-v	0	1	
oewn-02182105-v	tweet	tweet|twirp	v	dul:Event	tier3_default_event	gloss	R2	dul:Action	R2:dul:Action	R2=dul:Action_signals:1	make a weak, chirping sound	the small bird was tweeting in the tree	oewn-02180712-v	0	1	
oewn-00009624-v	twitch	twitch|jerk	v	dul:State	propagated_from_hypernym	from oewn-00010047-v[propagated_from_hypernym]	R2	dul:Action	R2:dul:Action	R2=dul:Action_signals:1	make an uncontrolled, short, jerky motion	his face is twitching	oewn-00010047-v	1	1	
oewn-01347219-v	unbend	unbend	v	dul:Action	propagated_from_hypernym	from oewn-01346975-v[tier2_indirect]	R2	dul:State	R2:dul:State	R2=dul:State_signals:1	unfasten, as a sail, from a spar or a stay		oewn-01346975-v	0	1	
oewn-02698930-v	underlie	underlie	v	dul:Event	tier3_default_event	gloss	R2	dul:State	R2:dul:State	R2=dul:State_signals:1	lie underneath		oewn-02696550-v	0	1	
oewn-00891076-v	undertake	undertake|guarantee	v	dul:Action	propagated_from_hypernym	from oewn-00885532-v[propagated_from_hypernym]	R2	dul:Event	R2:dul:Event	R2=dul:Event_signals:1	promise to do or accomplish	guarantee to free the prisoners	oewn-00885532-v	1	1	
oewn-90000251-v	unfollow	unfollow	v	dul:Action	propagated_from_hypernym	from oewn-02686624-v[tier1_derivation]	R2	dul:Event	R2:dul:Event	R2=dul:Event_signals:1	to stop following a user on social media		oewn-02686624-v	0	1	
oewn-90014081-v	upcycle	upcycle	v	dul:Action	propagated_from_hypernym	from oewn-01164741-v[propagated_from_hypernym]	R2	dul:Process	R2:dul:Process	R2=dul:Process_signals:1	To transform an old product into a newer and more expensive form with a different use		oewn-01164741-v	0	1	
oewn-01520147-v	upend	upend	v	dul:Action	propagated_from_hypernym	from oewn-01496967-v[tier1_derivation]	R2	dul:Event	R2:dul:Event	R2=dul:Event_signals:1	set, turn, or stand on end	upend the box and empty the contents	oewn-01496967-v	0	1	
oewn-02606487-v	use	use	v	dul:Action	propagated_from_hypernym	from oewn-01165070-v[tier1_derivation]	R2	dul:Event	R2:dul:Event	R2=dul:Event_signals:2	seek or achieve an end by using to one's advantage	She uses her influential friends to get jobs | The president's wife used her good connections	oewn-01165070-v	1	1	
oewn-00428350-v	vanish	vanish|disappear	v	dul:Action	propagated_from_hypernym	from oewn-02615799-v[tier1_derivation]	R2	dul:State	R2:dul:State	R2=dul:State_signals:1	cease to exist	An entire civilization vanished	oewn-02615799-v	2	1	
oewn-00026727-v	veg out	veg out|vegetate	v	dul:State	propagated_from_hypernym	from oewn-00026378-v[propagated_from_hypernym]	R2	dul:Action	R2:dul:Action	R2=dul:Action_signals:1	engage in passive relaxation	After a hard day's work, I vegetate in front of the television	oewn-00026378-v	0	1	
oewn-01847990-v	visit	visit|inspect	v	dul:Action	propagated_from_hypernym	from oewn-01853188-v[tier1_derivation]	R2	dul:Event	R2:dul:Event	R2=dul:Event_signals:1	come to see in an official or professional capacity	The governor visited the prison | The grant administrator visited the laboratory	oewn-01853188-v	0	1	
oewn-02625504-v	visit	visit	v	dul:Action	propagated_from_hypernym	from oewn-02643286-v[tier1_derivation]	R2	dul:State	R2:dul:State	R2=dul:State_signals:1	stay with as a guest	Every summer, we visited our relatives in the country for a month	oewn-02643286-v	0	1	
oewn-01048229-v	vroom	vroom	v	dul:Event	tier3_default_event	gloss	R2	dul:Action	R2:dul:Action	R2=dul:Action_signals:1	make a loud, roaring sound, as of a car engine, while moving		oewn-01047931-v	0	1	
oewn-00539123-v	vulcanize	vulcanize|vulcanise	v	dul:State	propagated_from_hypernym	from oewn-00109468-v[propagated_from_hypernym]	R2	dul:Process	R2:dul:Process	R2=dul:Process_signals:1	undergo vulcanization	vulcanize rubber	oewn-00109468-v	0	1	
oewn-00011691-v	vulgarize	vulgarize|vulgarise	v	dul:State	propagated_from_hypernym	from oewn-00010428-v[propagated_from_hypernym]	R2	dul:Action	R2:dul:Action	R2=dul:Action_signals:1	act in a vulgar manner	The drunkard tends to vulgarize	oewn-00010428-v	0	1	
oewn-02533097-v	wangle	wangle|finagle|manage	v	dul:Action	propagated_from_hypernym	from oewn-02531751-v[tier1_derivation]	R2	dul:Event	R2:dul:Event	R2=dul:Event_signals:1	achieve something by means of trickery or devious methods		oewn-02531751-v	0	1	
oewn-00470295-v	wear	wear|wear off|wear out|wear down|wear thin	v	dul:State	propagated_from_hypernym	from oewn-00208905-v[propagated_from_hypernym]	R2	dul:Process	R2:dul:Process	R2=dul:Process_signals:1	deteriorate through use or stress	The constant friction wore out the cloth	oewn-00208905-v	2	1	
oewn-00433129-v	wear on	wear on	v	dul:Action	propagated_from_hypernym	from oewn-00432779-v[propagated_from_hypernym]	R2	dul:Process	R2:dul:Process	R2=dul:Process_signals:1	pass slowly (of time)	The day wore on	oewn-00432779-v	0	1	
oewn-02042123-v	weather	weather	v	dul:State	propagated_from_hypernym	from oewn-02042202-v[propagated_from_hypernym]	R2	dul:Action	R2:dul:Action	R2=dul:Action_signals:1	cause to slope		oewn-02042202-v	0	1	
oewn-02176108-v	whine	whine|squeak|screech|creak|screak|skreak	v	dul:Event	tier3_default_event	gloss	R2	dul:Action	R2:dul:Action	R2=dul:Action_signals:1	make a high-pitched, screeching noise	The door creaked when I opened it slowly | My car engine makes a whining noise	oewn-02177332-v	0	1	
oewn-02182928-v	whish	whish	v	dul:Event	tier3_default_event	gloss	R2	dul:Action	R2:dul:Action	R2=dul:Action_signals:1	make a sibilant sound		oewn-02180712-v	0	1	
oewn-01045759-v	whistle	whistle|sing	v	dul:Event	tier3_default_event	gloss	R2	dul:Action	R2:dul:Action	R2=dul:Action_signals:1	make a whining, ringing, or whistling sound	the kettle was singing | the bullet sang past his ear	oewn-02180712-v	0	1	
oewn-02193033-v	whizz	whizz|whiz|whirr|whir|birr|purr	v	dul:Event	tier3_default_event	gloss	R2	dul:Action	R2:dul:Action	R2=dul:Action_signals:1	make a soft swishing sound	the motor whirred | the car engine purred	oewn-02180712-v	0	1	
oewn-90002291-v	wildin'	wildin'	v	dul:State	propagated_from_hypernym	from oewn-00010428-v[propagated_from_hypernym]	R2	dul:Action	R2:dul:Action	R2=dul:Action_signals:1	to act crazily		oewn-00010428-v	0	1	
oewn-00149916-v	work	work	v	dul:State	propagated_from_hypernym	from oewn-00149403-v[propagated_from_hypernym]	R2	dul:Event	R2:dul:Event	R2=dul:Event_signals:1	arrive at a certain condition through repeated motion	The stitches of the hem worked loose after she wore the skirt many times	oewn-00149403-v	0	1	
oewn-02420169-v	work at	work at|work on	v	dul:State	propagated_from_hypernym	from oewn-02418610-v[propagated_from_hypernym]	R2	dul:Action	R2:dul:Action	R2=dul:Action_signals:1	to exert effort in order to do, make, or perform something	the child worked at the multiplication table until she had it down cold	oewn-02418610-v	1	1	
oewn-02617141-v	work out	work out	v	dul:Action	propagated_from_hypernym	from oewn-02616880-v[propagated_from_hypernym]	R2	dul:Event	R2:dul:Event	R2=dul:Event_signals:1	happen in a certain way, leading to, producing, or resulting in a certain outcome, often well	Things worked out in an interesting way | Not everything worked out in the end and we were disappointed	oewn-02616880-v	0	1	
oewn-00096402-v	work up	work up|get up	v	dul:Action	propagated_from_hypernym	from oewn-00094214-v[tier1_derivation]	R2	dul:Process	R2:dul:Process	R2=dul:Process_signals:1	develop	we worked up an as of an appetite	oewn-00094214-v	0	1	
oewn-00815157-v	wrestle	wrestle	v	dul:Process	propagated_from_hypernym	from oewn-00814706-v[tier1_derivation]	R2	dul:Action	R2:dul:Action	R2=dul:Action_signals:1	engage in deep thought, consideration, or debate	I wrestled with this decision for years	oewn-00814706-v	0	1	
oewn-01758384-v	write out	write out|write up	v	dul:Action	propagated_from_hypernym	from oewn-01702148-v[tier1_derivation]	R2	dul:Event	R2:dul:Event	R2=dul:Event_signals:1	put into writing; write in complete form	write out a contract	oewn-01702148-v	0	1	
oewn-01048352-v	yawp	yawp|bawl	v	dul:Event	tier3_default_event	gloss	R2	dul:Action	R2:dul:Action	R2=dul:Action_signals:1	make a raucous noise		oewn-01047931-v	0	1	
oewn-01118865-v	yield	yield	v	dul:Action	propagated_from_hypernym	from oewn-02686624-v[tier1_derivation]	R2	dul:Event	R2:dul:Event	R2=dul:Event_signals:1	cease opposition; stop fighting		oewn-02686624-v	3	1	
oewn-02374389-v	maneuver	maneuver|manoeuver|manoeuvre	v	dul:State	propagated_from_hypernym	from oewn-02372362-v[tier1_derivation]	R6	dul:Action	R6:dul:Action	R6=transitive_+action_marker	act in order to achieve a certain goal	He maneuvered to get the chairmanship | She maneuvered herself into the directorship	oewn-02372362-v	0	1	
oewn-02412046-v	tug	tug|labor|labour|push|drive	v	dul:State	propagated_from_hypernym	from oewn-02412468-v[propagated_from_hypernym]	R6	dul:Action	R6:dul:Action	R6=transitive_+action_marker	strive and make an effort to reach a goal	She tugged for years to make a decent living | We have to push a little to make the deadline! | She is driving away at her doctoral thesis	oewn-02412468-v	1	1	
